agent_id,episode_id,step,price,quantity,capital,costs,profit,revenue,demand_for_price,sold_units,leftover_units,classification_accuracy,regression_error_value,supervision_reward_factor,reward,action
0,1,1,1.970338397691064,3.0,,1,2.911015,5.911015193073192,2.9661602308935926,0,0,0,1,1.0,2.911015,42
1,1,1,0.4816173909384442,96.0,,1,-49.764732,46.23526953009064,151.8382609061556,0,0,0,1,1.0,-49.764732,3
2,1,1,1.3704661890378842,52.0,,1,19.264244,71.26424182996998,62.95338109621159,0,0,0,1,1.0,19.264244,37
0,1,2,2.702906172394482,0.0,,1,0.0,0,0.0,0,0,0,1,1.0,0.0,45
1,1,2,1.0198568433308806,69.0,,1,1.3701248,70.37012218983075,98.01431566691194,0,0,0,1,1.0,1.3701248,36
2,1,2,1.6092160141558194,29.0,,1,17.667263,46.66726441051876,39.07839858441807,0,0,0,1,1.0,17.667263,28
0,1,3,2.9339175834054165,0.0,,1,0.0,0,0.0,0,0,0,1,1.0,0.0,39
1,1,3,1.300317045873391,53.0,,1,15.916801,68.91680343128972,69.9682954126609,0,0,0,1,1.0,15.916801,18
2,1,3,1.7311799915002115,16.0,,1,11.698879,27.698879864003384,26.88200084997885,0,0,0,1,1.0,11.698879,15
0,1,4,2.9500670310068515,0.0,,1,0.0,0,0.0,0,0,0,1,1.0,0.0,18
1,1,4,1.5223021254827487,37.0,,1,19.32518,56.3251786428617,47.769787451725136,0,0,0,1,1.0,19.32518,20
2,1,4,1.8447516015741756,10.0,,1,8.4475155,18.447516015741755,15.524839842582452,0,0,0,1,1.0,8.4475155,16
0,1,5,3.135920765519638,0.0,,1,0.0,0,0.0,0,0,0,1,1.0,0.0,38
1,1,5,1.542879785563685,37.0,,1,20.086552,57.086552065856345,45.7120214436315,0,0,0,1,1.0,20.086552,10
2,1,5,1.841128771446824,8.0,,1,6.7290306,14.729030171574593,15.887122855317585,0,0,0,1,1.0,6.7290306,11
0,1,6,2.773894663506336,0.0,,1,0.0,0,0.0,0,0,0,1,1.0,0.0,7
1,1,6,1.5936525196371705,40.0,,1,23.746101,63.74610078548682,40.63474803628296,0,0,0,1,1.0,23.746101,11
2,1,6,2.009280190656545,0.0,,1,0.0,0,0.0,0,0,0,1,1.0,0.0,30
0,1,7,3.240311039493377,0.0,,1,0.0,0,0.0,0,0,0,1,1.0,0.0,43
1,1,7,1.7889976400581153,21.0,,1,16.56895,37.56895044122042,21.100235994188466,0,0,0,1,1.0,16.56895,27
2,1,7,2.3314100309590478,0.0,,1,0.0,0,0.0,0,0,0,1,1.0,0.0,40
0,1,8,4.285511789381033,0.0,,1,0.0,0,0.0,0,0,0,1,1.0,0.0,47
1,1,8,1.969436962321487,3.0,,1,2.908311,5.908310886964461,3.0563037678513183,0,0,0,1,1.0,2.908311,31
2,1,8,2.341587765799341,0.0,,1,0.0,0,0.0,0,0,0,1,1.0,0.0,14
0,1,9,3.0480192658764835,0.0,,1,0.0,0,0.0,0,0,0,1,1.0,0.0,2
1,1,9,2.089122674082381,0.0,,1,0.0,0,0.0,0,0,0,1,1.0,0.0,23
2,1,9,1.8495373468612077,15.0,,1,12.743061,27.743060202918116,15.046265313879218,0,0,0,1,1.0,12.743061,5
0,1,10,2.141634892989342,0.0,,1,0.0,0,0.0,0,0,0,1,1.0,0.0,3
1,1,10,2.232713392566391,0.0,,1,0.0,0,0.0,0,0,0,1,1.0,0.0,31
2,1,10,2.028212275209951,0.0,,1,0.0,0,0.0,0,0,0,1,1.0,0.0,32
0,1,11,0.7664700892727724,115.0,,1,-26.855942,88.14406026636883,123.35299107272276,0,0,0,1,1.0,-26.855942,0
1,1,11,3.857865537049151,0.0,,1,0.0,0,0.0,0,0,0,1,1.0,0.0,49
2,1,11,1.9600965891487372,8.0,,1,7.680773,15.680772713189898,3.990341085126289,0,0,0,1,1.0,7.680773,10
0,1,12,1.0033052627991808,66.0,,1,0.21814728,66.21814734474593,99.66947372008192,0,0,0,1,1.0,0.21814728,10
1,1,12,3.8492350674386664,0.0,,1,0.0,0,0.0,0,0,0,1,1.0,0.0,19
2,1,12,1.5385654243568716,33.0,,1,17.77266,50.772659003776766,46.143457564312826,0,0,0,1,1.0,17.77266,5
0,1,13,1.159665544994208,50.0,,1,7.9832764,57.9832772497104,84.0334455005792,0,0,0,1,1.0,7.9832764,10
1,1,13,3.8703074962630715,0.0,,1,0.0,0,0.0,0,0,0,1,1.0,0.0,25
2,1,13,0.48881230111899376,101.0,,1,-51.62996,49.37004241301837,151.11876988810062,0,0,0,1,1.0,-51.62996,0
0,1,14,1.377402560602721,40.0,,1,15.096104,55.096102424108835,62.25974393972791,0,0,0,1,1.0,15.096104,15
1,1,14,3.9099449326998665,0.0,,1,0.0,0,0.0,0,0,0,1,1.0,0.0,29
2,1,14,1.7179182413445273,22.0,,1,15.794201,37.7942013095796,28.208175865547275,0,0,0,1,1.0,15.794201,47
0,1,15,1.6939054828987423,12.0,,1,8.326866,20.326865794784908,30.609451710125768,0,0,0,1,1.0,8.326866,37
1,1,15,3.791347246626731,0.0,,1,0.0,0,0.0,0,0,0,1,1.0,0.0,12
2,1,15,1.6555988150654433,22.0,,1,14.423176,36.42317393143975,34.440118493455685,0,0,0,1,1.0,14.423176,9
0,1,16,1.84627873057943,4.0,,1,3.3851151,7.38511492231772,15.372126942057008,0,0,0,1,1.0,3.3851151,21
1,1,16,3.952168563062968,0.0,,1,0.0,0,0.0,0,0,0,1,1.0,0.0,38
2,1,16,1.7815038274999113,17.0,,1,13.285564,30.285565067498492,21.849617250008862,0,0,0,1,1.0,13.285564,16
0,1,17,1.4502986540734781,43.0,,1,19.362843,62.36284212515956,54.97013459265219,0,0,0,1,1.0,19.362843,5
1,1,17,3.925208208155528,0.0,,1,0.0,0,0.0,0,0,0,1,1.0,0.0,17
2,1,17,1.945691031575476,11.0,,1,10.402601,21.402601347330236,5.430896842452398,0,0,0,1,1.0,10.402601,26
0,1,18,1.7085965082889745,29.0,,1,20.549297,49.54929874038026,29.140349171102542,0,0,0,1,1.0,20.549297,34
1,1,18,3.8062686602441502,0.0,,1,0.0,0,0.0,0,0,0,1,1.0,0.0,12
2,1,18,2.179161744783549,0.0,,1,0.0,0,0.0,0,0,0,1,1.0,0.0,37
0,1,19,2.3415494867433737,0.0,,1,0.0,0,0.0,0,0,0,1,1.0,0.0,44
1,1,19,3.8184746723247986,0.0,,1,0.0,0,0.0,0,0,0,1,1.0,0.0,24
2,1,19,1.9125113512726462,8.0,,1,7.300091,15.30009081018117,8.748864872735396,0,0,0,1,1.0,7.300091,7
0,1,20,2.3801693126210477,0.0,,1,0.0,0,0.0,0,0,0,1,1.0,0.0,16
1,1,20,3.859177747281737,0.0,,1,0.0,0,0.0,0,0,0,1,1.0,0.0,29
2,1,20,2.0240550702511855,0.0,,1,0.0,0,0.0,0,0,0,1,1.0,0.0,19
0,1,21,2.722393656908228,0.0,,1,0.0,0,0.0,0,0,0,1,1.0,0.0,41
1,1,21,3.9373505419140753,0.0,,1,0.0,0,0.0,0,0,0,1,1.0,0.0,34
2,1,21,1.7818855444581885,21.0,,1,16.419598,37.419596433621955,21.811445554181148,0,0,0,1,1.0,16.419598,7
0,1,22,2.7577713325451754,0.0,,1,0.0,0,0.0,0,0,0,1,1.0,0.0,19
1,1,22,3.966472333514658,0.0,,1,0.0,0,0.0,0,0,0,1,1.0,0.0,26
2,1,22,2.176533503730865,0.0,,1,0.0,0,0.0,0,0,0,1,1.0,0.0,41
0,1,23,2.8098729750593843,0.0,,1,0.0,0,0.0,0,0,0,1,1.0,0.0,24
1,1,23,3.975422127992886,0.0,,1,0.0,0,0.0,0,0,0,1,1.0,0.0,24
2,1,23,1.2343562049624,76.0,,1,17.811073,93.8110715771424,76.56437950376001,0,0,0,1,1.0,17.811073,2
0,1,24,2.868342467228895,0.0,,1,0.0,0,0.0,0,0,0,1,1.0,0.0,25
1,1,24,3.9749879557579617,0.0,,1,0.0,0,0.0,0,0,0,1,1.0,0.0,21
2,1,24,1.3238348110829117,67.0,,1,21.69693,88.69693234255509,67.61651889170884,0,0,0,1,1.0,21.69693,10
0,1,25,3.0312096547378977,0.0,,1,0.0,0,0.0,0,0,0,1,1.0,0.0,37
1,1,25,2.104930526846225,0.0,,1,0.0,0,0.0,0,0,0,1,1.0,0.0,0
2,1,25,1.5445012138863812,45.0,,1,24.502556,69.50255462488715,45.54987861136189,0,0,0,1,1.0,24.502556,21
0,1,26,1.6424537400940604,17.0,,1,10.921713,27.92171358159903,35.75462599059395,0,0,0,1,1.0,10.921713,1
1,1,26,2.2310366065896488,0.0,,1,0.0,0,0.0,0,0,0,1,1.0,0.0,27
2,1,26,1.7461910404587466,18.0,,1,13.431438,31.43143872825744,25.38089595412535,0,0,0,1,1.0,13.431438,26
0,1,27,1.7586120524761053,16.0,,1,12.137793,28.137792839617685,24.138794752389458,0,0,0,1,1.0,12.137793,15
1,1,27,2.0298607943450997,0.0,,1,0.0,0,0.0,0,0,0,1,1.0,0.0,8
2,1,27,1.8112524733100503,8.0,,1,6.49002,14.490019786480403,18.874752668994972,0,0,0,1,1.0,6.49002,13
0,1,28,1.967663150783347,0.0,,1,0.0,0,3.2336849216652865,0,0,0,1,1.0,0.0,34
1,1,28,2.1017632983777506,0.0,,1,0.0,0,0.0,0,0,0,1,1.0,0.0,16
2,1,28,1.9304048708789805,6.0,,1,5.582429,11.582429225273883,6.959512912101957,0,0,0,1,1.0,5.582429,18
0,1,29,2.1121577557658133,0.0,,1,0.0,0,0.0,0,0,0,1,1.0,0.0,28
1,1,29,1.5212014201904396,24.0,,1,12.508835,36.50883408457055,47.87985798095605,0,0,0,1,1.0,12.508835,4
2,1,29,1.2404901743375005,51.0,,1,12.264999,63.26499889121253,75.95098256624995,0,0,0,1,1.0,12.264999,3
0,1,30,0.7507976552371591,70.0,,1,-17.444164,52.55583586660114,124.9202344762841,0,0,0,1,1.0,-17.444164,0
1,1,30,1.6940978071443253,27.0,,1,18.740643,45.740640792896784,30.590219285567457,0,0,0,1,1.0,18.740643,19
2,1,30,1.4945449364570602,27.0,,1,13.352715,40.35271328434062,50.54550635429399,0,0,0,1,1.0,13.352715,25
0,1,31,1.9376673093847583,3.0,,1,2.813002,5.813001928154275,6.233269061524169,0,0,0,1,1.0,2.813002,47
1,1,31,3.3342045145418173,0.0,,1,0.0,0,0.0,0,0,0,1,1.0,0.0,49
2,1,31,0.8027864986539622,116.0,,1,-22.876762,93.12323384385962,119.72135013460378,0,0,0,1,1.0,-22.876762,2
0,1,32,2.1051811404713576,0.0,,1,0.0,0,0.0,0,0,0,1,1.0,0.0,32
1,1,32,3.381270610338557,0.0,,1,0.0,0,0.0,0,0,0,1,1.0,0.0,27
2,1,32,1.0264583330986914,97.0,,1,2.5664597,99.56645831057307,97.35416669013087,0,0,0,1,1.0,2.5664597,10
0,1,33,2.2853965118398474,0.0,,1,0.0,0,0.0,0,0,0,1,1.0,0.0,35
1,1,33,3.451101017212244,0.0,,1,0.0,0,0.0,0,0,0,1,1.0,0.0,32
2,1,33,1.3469863680741798,65.0,,1,22.554115,87.55411392482169,65.30136319258202,0,0,0,1,1.0,22.554115,29
0,1,34,2.465163757211483,0.0,,1,0.0,0,0.0,0,0,0,1,1.0,0.0,36
1,1,34,3.4588886649152832,0.0,,1,0.0,0,0.0,0,0,0,1,1.0,0.0,20
2,1,34,3.3815715894058296,0.0,,1,0.0,0,0.0,0,0,0,1,1.0,0.0,50
0,1,35,3.1712276785326754,0.0,,1,0.0,0,0.0,0,0,0,1,1.0,0.0,45
1,1,35,3.5019606733509385,0.0,,1,0.0,0,0.0,0,0,0,1,1.0,0.0,27
2,1,35,3.451392453412303,0.0,,1,0.0,0,0.0,0,0,0,1,1.0,0.0,32
0,1,36,3.1974036395004153,0.0,,1,0.0,0,0.0,0,0,0,1,1.0,0.0,22
1,1,36,2.551770925626784,0.0,,1,0.0,0,0.0,0,0,0,1,1.0,0.0,3
2,1,36,2.9721147711040308,0.0,,1,0.0,0,0.0,0,0,0,1,1.0,0.0,6
0,1,37,3.208503630462505,0.0,,1,0.0,0,0.0,0,0,0,1,1.0,0.0,19
1,1,37,2.8323697017385454,0.0,,1,0.0,0,0.0,0,0,0,1,1.0,0.0,40
2,1,37,4.979019359856219,0.0,,1,0.0,0,0.0,0,0,0,1,1.0,0.0,50
0,1,38,3.2932397603329253,0.0,,1,0.0,0,0.0,0,0,0,1,1.0,0.0,33
1,1,38,2.7828229421609447,0.0,,1,0.0,0,0.0,0,0,0,1,1.0,0.0,13
2,1,38,4.961861150111062,0.0,,1,0.0,0,0.0,0,0,0,1,1.0,0.0,20
0,1,39,3.242161602322979,0.0,,1,0.0,0,0.0,0,0,0,1,1.0,0.0,14
1,1,39,2.8074725469520074,0.0,,1,0.0,0,0.0,0,0,0,1,1.0,0.0,18
2,1,39,3.0122905072891384,0.0,,1,0.0,0,0.0,0,0,0,1,1.0,0.0,0
0,1,40,2.9537205108598097,0.0,,1,0.0,0,0.0,0,0,0,1,1.0,0.0,8
1,1,40,4.1101225425491075,0.0,,1,0.0,0,0.0,0,0,0,1,1.0,0.0,48
2,1,40,3.2290473351158253,0.0,,1,0.0,0,0.0,0,0,0,1,1.0,0.0,39
0,1,41,3.019337517360605,0.0,,1,0.0,0,0.0,0,0,0,1,1.0,0.0,28
1,1,41,4.343124983352714,0.0,,1,0.0,0,0.0,0,0,0,1,1.0,0.0,40
2,1,41,4.840792562132989,0.0,,1,0.0,0,0.0,0,0,0,1,1.0,0.0,49
0,1,42,3.0223533634589304,0.0,,1,0.0,0,0.0,0,0,0,1,1.0,0.0,17
1,1,42,4.332168378414919,0.0,,1,0.0,0,0.0,0,0,0,1,1.0,0.0,20
2,1,42,4.790653926389752,0.0,,1,0.0,0,0.0,0,0,0,1,1.0,0.0,16
0,1,43,3.5823862125774295,0.0,,1,0.0,0,0.0,0,0,0,1,1.0,0.0,44
1,1,43,5.002121211717871,0.0,,1,0.0,0,0.0,0,0,0,1,1.0,0.0,45
2,1,43,6.7917775282805435,0.0,,1,0.0,0,0.0,0,0,0,1,1.0,0.0,50
0,1,44,2.39216324006269,0.0,,1,0.0,0,0.0,0,0,0,1,1.0,0.0,2
1,1,44,4.736679410454848,0.0,,1,0.0,0,0.0,0,0,0,1,1.0,0.0,9
2,1,44,6.768744613648621,0.0,,1,0.0,0,0.0,0,0,0,1,1.0,0.0,20
0,1,45,2.0049712515532114,0.0,,1,0.0,0,0.0,0,0,0,1,1.0,0.0,6
1,1,45,4.764634245341507,0.0,,1,0.0,0,0.0,0,0,0,1,1.0,0.0,29
2,1,45,6.911163064833981,0.0,,1,0.0,0,0.0,0,0,0,1,1.0,0.0,38
0,1,46,1.9775829039658979,2.0,,1,1.9551659,3.9551658079317957,2.2417096034102144,0,0,0,1,1.0,1.9551659,11
1,1,46,4.760759906342456,0.0,,1,0.0,0,0.0,0,0,0,1,1.0,0.0,23
2,1,46,7.253865938717264,0.0,,1,0.0,0,0.0,0,0,0,1,1.0,0.0,42
0,1,47,1.2742495814248151,72.0,,1,19.745972,91.74596986258669,72.57504185751849,0,0,0,1,1.0,19.745972,3
1,1,47,4.769282587706811,0.0,,1,0.0,0,0.0,0,0,0,1,1.0,0.0,25
2,1,47,5.970314475764112,0.0,,1,0.0,0,0.0,0,0,0,1,1.0,0.0,2
0,1,48,1.6966501605700666,30.0,,1,20.899506,50.899504817102,30.334983942993347,0,0,0,1,1.0,20.899506,40
1,1,48,6.057733194435903,0.0,,1,0.0,0,0.0,0,0,0,1,1.0,0.0,48
2,1,48,5.992208017816221,0.0,,1,0.0,0,0.0,0,0,0,1,1.0,0.0,29
0,1,49,1.8813672097497758,11.0,,1,9.69504,20.695039307247534,11.863279025022422,0,0,0,1,1.0,9.69504,29
1,1,49,6.485737015873089,0.0,,1,0.0,0,0.0,0,0,0,1,1.0,0.0,43
2,1,49,6.0674544177216925,0.0,,1,0.0,0,0.0,0,0,0,1,1.0,0.0,35
0,1,50,2.1470272186617994,0.0,,1,0.0,0,0.0,0,0,0,1,1.0,0.0,38
1,1,50,5.825486290263717,0.0,,1,0.0,0,0.0,0,0,0,1,1.0,0.0,5
2,1,50,6.10728950892277,0.0,,1,0.0,0,0.0,0,0,0,1,1.0,0.0,32
0,1,51,2.205322281599511,0.0,,1,0.0,0,0.0,0,0,0,1,1.0,0.0,16
1,1,51,6.101975416489901,0.0,,1,0.0,0,0.0,0,0,0,1,1.0,0.0,41
2,1,51,4.829206318784565,0.0,,1,0.0,0,0.0,0,0,0,1,1.0,0.0,2
0,1,52,2.701278244632752,0.0,,1,0.0,0,0.0,0,0,0,1,1.0,0.0,43
1,1,52,5.928285603051207,0.0,,1,0.0,0,0.0,0,0,0,1,1.0,0.0,11
2,1,52,4.7791644852820765,0.0,,1,0.0,0,0.0,0,0,0,1,1.0,0.0,16
0,1,53,2.8517002828923967,0.0,,1,0.0,0,0.0,0,0,0,1,1.0,0.0,36
1,1,53,5.9684531073695775,0.0,,1,0.0,0,0.0,0,0,0,1,1.0,0.0,32
2,1,53,4.845539295049299,0.0,,1,0.0,0,0.0,0,0,0,1,1.0,0.0,34
0,1,54,2.8793540700943314,0.0,,1,0.0,0,0.0,0,0,0,1,1.0,0.0,19
1,1,54,6.146951804630197,0.0,,1,0.0,0,0.0,0,0,0,1,1.0,0.0,39
2,1,54,5.277137032658943,0.0,,1,0.0,0,0.0,0,0,0,1,1.0,0.0,43
0,1,55,3.1954138694885548,0.0,,1,0.0,0,0.0,0,0,0,1,1.0,0.0,41
1,1,55,6.368589255559045,0.0,,1,0.0,0,0.0,0,0,0,1,1.0,0.0,40
2,1,55,5.258172719772663,0.0,,1,0.0,0,0.0,0,0,0,1,1.0,0.0,20
0,1,56,3.0667491519233425,0.0,,1,0.0,0,0.0,0,0,0,1,1.0,0.0,11
1,1,56,7.4005389034137306,0.0,,1,0.0,0,0.0,0,0,0,1,1.0,0.0,47
2,1,56,3.295910226312662,0.0,,1,0.0,0,0.0,0,0,0,1,1.0,0.0,0
0,1,57,3.0427036928526903,0.0,,1,0.0,0,0.0,0,0,0,1,1.0,0.0,15
1,1,57,7.127094099936596,0.0,,1,0.0,0,0.0,0,0,0,1,1.0,0.0,9
2,1,57,3.1210998253368847,0.0,,1,0.0,0,0.0,0,0,0,1,1.0,0.0,10
0,1,58,3.176281995443378,0.0,,1,0.0,0,0.0,0,0,0,1,1.0,0.0,36
1,1,58,6.596630402310262,0.0,,1,0.0,0,0.0,0,0,0,1,1.0,0.0,6
2,1,58,3.029238972630316,0.0,,1,0.0,0,0.0,0,0,0,1,1.0,0.0,12
0,1,59,3.0485164670430045,0.0,,1,0.0,0,0.0,0,0,0,1,1.0,0.0,11
1,1,59,6.656397354596761,0.0,,1,0.0,0,0.0,0,0,0,1,1.0,0.0,34
2,1,59,3.0579692450847236,0.0,,1,0.0,0,0.0,0,0,0,1,1.0,0.0,21
0,1,60,2.7711554250725166,0.0,,1,0.0,0,0.0,0,0,0,1,1.0,0.0,8
1,1,60,6.1267538105953046,0.0,,1,0.0,0,0.0,0,0,0,1,1.0,0.0,6
2,1,60,4.356977330171747,0.0,,1,0.0,0,0.0,0,0,0,1,1.0,0.0,48
0,1,61,2.843604454935381,0.0,,1,0.0,0,0.0,0,0,0,1,1.0,0.0,27
1,1,61,6.3049391486613,0.0,,1,0.0,0,0.0,0,0,0,1,1.0,0.0,39
2,1,61,4.357401461615978,0.0,,1,0.0,0,0.0,0,0,0,1,1.0,0.0,23
0,1,62,4.459058264118884,0.0,,1,0.0,0,0.0,0,0,0,1,1.0,0.0,49
1,1,62,5.025421468814679,0.0,,1,0.0,0,0.0,0,0,0,1,1.0,0.0,2
2,1,62,4.54444084386294,0.0,,1,0.0,0,0.0,0,0,0,1,1.0,0.0,39
0,1,63,4.507748749616932,0.0,,1,0.0,0,0.0,0,0,0,1,1.0,0.0,32
1,1,63,5.0220343902437605,0.0,,1,0.0,0,0.0,0,0,0,1,1.0,0.0,24
2,1,63,4.601424861314023,0.0,,1,0.0,0,0.0,0,0,0,1,1.0,0.0,33
0,1,64,4.79034126377923,0.0,,1,0.0,0,0.0,0,0,0,1,1.0,0.0,41
1,1,64,4.970517780105337,0.0,,1,0.0,0,0.0,0,0,0,1,1.0,0.0,16
2,1,64,4.564993591330834,0.0,,1,0.0,0,0.0,0,0,0,1,1.0,0.0,17
0,1,65,4.7263131641579115,0.0,,1,0.0,0,0.0,0,0,0,1,1.0,0.0,15
1,1,65,6.004327417236945,0.0,,1,0.0,0,0.0,0,0,0,1,1.0,0.0,47
2,1,65,4.6876512475625205,0.0,,1,0.0,0,0.0,0,0,0,1,1.0,0.0,37
0,1,66,4.645027317623399,0.0,,1,0.0,0,0.0,0,0,0,1,1.0,0.0,14
1,1,66,6.036875808255976,0.0,,1,0.0,0,0.0,0,0,0,1,1.0,0.0,31
2,1,66,4.666940184867178,0.0,,1,0.0,0,0.0,0,0,0,1,1.0,0.0,19
0,1,67,4.000300697028053,0.0,,1,0.0,0,0.0,0,0,0,1,1.0,0.0,5
1,1,67,6.019916363525522,0.0,,1,0.0,0,0.0,0,0,0,1,1.0,0.0,21
2,1,67,4.150984825637802,0.0,,1,0.0,0,0.0,0,0,0,1,1.0,0.0,6
0,1,68,3.6837550564029704,0.0,,1,0.0,0,0.0,0,0,0,1,1.0,0.0,8
1,1,68,7.052120847334635,0.0,,1,0.0,0,0.0,0,0,0,1,1.0,0.0,47
2,1,68,4.203644621144089,0.0,,1,0.0,0,0.0,0,0,0,1,1.0,0.0,32
0,1,69,3.7543451204768297,0.0,,1,0.0,0,0.0,0,0,0,1,1.0,0.0,33
1,1,69,7.19429334410384,0.0,,1,0.0,0,0.0,0,0,0,1,1.0,0.0,38
2,1,69,4.172285898291247,0.0,,1,0.0,0,0.0,0,0,0,1,1.0,0.0,17
0,1,70,3.66682808284072,0.0,,1,0.0,0,0.0,0,0,0,1,1.0,0.0,13
1,1,70,6.532543245967321,0.0,,1,0.0,0,0.0,0,0,0,1,1.0,0.0,5
2,1,70,4.713132633573739,0.0,,1,0.0,0,0.0,0,0,0,1,1.0,0.0,44
0,1,71,3.9603172523406047,0.0,,1,0.0,0,0.0,0,0,0,1,1.0,0.0,41
1,1,71,6.64724838531973,0.0,,1,0.0,0,0.0,0,0,0,1,1.0,0.0,37
2,1,71,5.544087916292036,0.0,,1,0.0,0,0.0,0,0,0,1,1.0,0.0,46
0,1,72,3.644796164738076,0.0,,1,0.0,0,0.0,0,0,0,1,1.0,0.0,8
1,1,72,7.179840055000287,0.0,,1,0.0,0,0.0,0,0,0,1,1.0,0.0,44
2,1,72,5.6385937094550584,0.0,,1,0.0,0,0.0,0,0,0,1,1.0,0.0,36
0,1,73,1.8213108187010814,17.0,,1,13.962284,30.962283917918384,17.868918129891853,0,0,0,1,1.0,13.962284,0
1,1,73,8.783806321304123,0.0,,1,0.0,0,0.0,0,0,0,1,1.0,0.0,49
2,1,73,5.551541151996273,0.0,,1,0.0,0,0.0,0,0,0,1,1.0,0.0,14
0,1,74,1.785056895150702,21.0,,1,16.486195,37.48619479816474,21.494310484929798,0,0,0,1,1.0,16.486195,10
1,1,74,10.387650193126904,0.0,,1,0.0,0,0.0,0,0,0,1,1.0,0.0,49
2,1,74,5.542993344524542,0.0,,1,0.0,0,0.0,0,0,0,1,1.0,0.0,23
0,1,75,1.71025890348936,28.0,,1,19.887249,47.887249297702084,28.974109651063998,0,0,0,1,1.0,19.887249,9
1,1,75,10.407072686061325,0.0,,1,0.0,0,0.0,0,0,0,1,1.0,0.0,29
2,1,75,5.766051762232219,0.0,,1,0.0,0,0.0,0,0,0,1,1.0,0.0,40
0,1,76,1.6935204416931935,30.0,,1,20.805614,50.8056132507958,30.647955830680644,0,0,0,1,1.0,20.805614,10
1,1,76,10.293699823195006,0.0,,1,0.0,0,0.0,0,0,0,1,1.0,0.0,13
2,1,76,5.799242731584229,0.0,,1,0.0,0,0.0,0,0,0,1,1.0,0.0,31
0,1,77,1.7154680426200548,28.0,,1,20.033104,48.033105193361536,28.45319573799452,0,0,0,1,1.0,20.033104,11
1,1,77,9.466740101047575,0.0,,1,0.0,0,0.0,0,0,0,1,1.0,0.0,4
2,1,77,5.8263785358345155,0.0,,1,0.0,0,0.0,0,0,0,1,1.0,0.0,30
0,1,78,1.9430267462906685,5.0,,1,4.7151337,9.715133731453342,5.697325370933157,0,0,0,1,1.0,4.7151337,35
1,1,78,9.50442065642129,0.0,,1,0.0,0,0.0,0,0,0,1,1.0,0.0,32
2,1,78,5.819352480976689,0.0,,1,0.0,0,0.0,0,0,0,1,1.0,0.0,24
0,1,79,0.6650662427958779,133.0,,1,-44.54619,88.45381029185177,133.49337572041222,0,0,0,1,1.0,-44.54619,0
1,1,79,7.900978045443512,0.0,,1,0.0,0,0.0,0,0,0,1,1.0,0.0,1
2,1,79,6.0958553794766255,0.0,,1,0.0,0,0.0,0,0,0,1,1.0,0.0,41
0,1,80,1.1998637857130703,80.0,,1,15.989105,95.98910285704562,80.01362142869297,0,0,0,1,1.0,15.989105,39
1,1,80,9.901028169820192,0.0,,1,0.0,0,0.0,0,0,0,1,1.0,0.0,50
2,1,80,6.3718140733139945,0.0,,1,0.0,0,0.0,0,0,0,1,1.0,0.0,41
0,1,81,1.4555016907149418,54.0,,1,24.597092,78.59709129860686,54.449830928505804,0,0,0,1,1.0,24.597092,24
1,1,81,8.869830208431983,0.0,,1,0.0,0,0.0,0,0,0,1,1.0,0.0,3
2,1,81,6.154019853854057,0.0,,1,0.0,0,0.0,0,0,0,1,1.0,0.0,10
0,1,82,3.1051671149061852,0.0,,1,0.0,0,0.0,0,0,0,1,1.0,0.0,49
1,1,82,8.89415011871825,0.0,,1,0.0,0,0.0,0,0,0,1,1.0,0.0,30
2,1,82,7.758260205002621,0.0,,1,0.0,0,0.0,0,0,0,1,1.0,0.0,49
0,1,83,2.8243529381144854,0.0,,1,0.0,0,0.0,0,0,0,1,1.0,0.0,8
1,1,83,8.909835973363215,0.0,,1,0.0,0,0.0,0,0,0,1,1.0,0.0,28
2,1,83,7.7828598220886995,0.0,,1,0.0,0,0.0,0,0,0,1,1.0,0.0,30
0,1,84,2.716395933402501,0.0,,1,0.0,0,0.0,0,0,0,1,1.0,0.0,11
1,1,84,8.76857017504944,0.0,,1,0.0,0,0.0,0,0,0,1,1.0,0.0,12
2,1,84,7.669919877120477,0.0,,1,0.0,0,0.0,0,0,0,1,1.0,0.0,13
0,1,85,2.525545310338245,0.0,,1,0.0,0,0.0,0,0,0,1,1.0,0.0,9
1,1,85,9.799964167894709,0.0,,1,0.0,0,0.0,0,0,0,1,1.0,0.0,47
2,1,85,7.689769739772711,0.0,,1,0.0,0,0.0,0,0,0,1,1.0,0.0,29
0,1,86,0.9900544167069076,100.0,,1,-0.99456024,99.00544167069076,100.99455832930924,0,0,0,1,1.0,-0.99456024,0
1,1,86,11.403788381808711,0.0,,1,0.0,0,0.0,0,0,0,1,1.0,0.0,49
2,1,86,8.353211864070351,0.0,,1,0.0,0,0.0,0,0,0,1,1.0,0.0,45
0,1,87,0.6727181522557641,132.0,,1,-43.201202,88.79879609776087,132.7281847744236,0,0,0,1,1.0,-43.201202,3
1,1,87,11.413799423924335,0.0,,1,0.0,0,0.0,0,0,0,1,1.0,0.0,26
2,1,87,8.33405981336311,0.0,,1,0.0,0,0.0,0,0,0,1,1.0,0.0,21
0,1,88,0.7660706108195041,123.0,,1,-28.773315,94.22668513079901,123.3929389180496,0,0,0,1,1.0,-28.773315,6
1,1,88,11.376204858136969,0.0,,1,0.0,0,0.0,0,0,0,1,1.0,0.0,18
2,1,88,8.349847065531822,0.0,,1,0.0,0,0.0,0,0,0,1,1.0,0.0,28
0,1,89,1.1346162054576667,86.0,,1,11.576996,97.57699366935934,86.53837945423332,0,0,0,1,1.0,11.576996,21
1,1,89,11.35203389203081,0.0,,1,0.0,0,0.0,0,0,0,1,1.0,0.0,20
2,1,89,9.953707678364774,0.0,,1,0.0,0,0.0,0,0,0,1,1.0,0.0,49
0,1,90,0.9563769824599808,104.0,,1,-4.5367966,99.46320617583801,104.36230175400192,0,0,0,1,1.0,-4.5367966,5
1,1,90,11.57196472178412,0.0,,1,0.0,0,0.0,0,0,0,1,1.0,0.0,40
2,1,90,9.862818174495056,0.0,,1,0.0,0,0.0,0,0,0,1,1.0,0.0,14
0,1,91,1.3034347546472391,69.0,,1,20.936996,89.9369980706595,69.65652453527608,0,0,0,1,1.0,20.936996,31
1,1,91,11.297728947240563,0.0,,1,0.0,0,0.0,0,0,0,1,1.0,0.0,9
2,1,91,10.137105934148286,0.0,,1,0.0,0,0.0,0,0,0,1,1.0,0.0,41
0,1,92,2.2427117702724026,0.0,,1,0.0,0,0.0,0,0,0,1,1.0,0.0,46
1,1,92,10.9557512153828,0.0,,1,0.0,0,0.0,0,0,0,1,1.0,0.0,8
2,1,92,10.174750086621259,0.0,,1,0.0,0,0.0,0,0,0,1,1.0,0.0,32
0,1,93,2.5945731637056113,0.0,,1,0.0,0,0.0,0,0,0,1,1.0,0.0,41
1,1,93,12.95575357797206,0.0,,1,0.0,0,0.0,0,0,0,1,1.0,0.0,50
2,1,93,10.837976184215309,0.0,,1,0.0,0,0.0,0,0,0,1,1.0,0.0,45
0,1,94,3.068649730827751,0.0,,1,0.0,0,0.0,0,0,0,1,1.0,0.0,43
1,1,94,13.175676877150597,0.0,,1,0.0,0,0.0,0,0,0,1,1.0,0.0,40
2,1,94,10.56375384455882,0.0,,1,0.0,0,0.0,0,0,0,1,1.0,0.0,9
0,1,95,3.142921709124613,0.0,,1,0.0,0,0.0,0,0,0,1,1.0,0.0,31
1,1,95,11.889575571900126,0.0,,1,0.0,0,0.0,0,0,0,1,1.0,0.0,2
2,1,95,10.51688514193866,0.0,,1,0.0,0,0.0,0,0,0,1,1.0,0.0,17
0,1,96,3.050016599739938,0.0,,1,0.0,0,0.0,0,0,0,1,1.0,0.0,12
1,1,96,11.902052629691822,0.0,,1,0.0,0,0.0,0,0,0,1,1.0,0.0,27
2,1,96,10.242672584428238,0.0,,1,0.0,0,0.0,0,0,0,1,1.0,0.0,9
0,1,97,2.595708645427503,0.0,,1,0.0,0,0.0,0,0,0,1,1.0,0.0,6
1,1,97,11.843579459490524,0.0,,1,0.0,0,0.0,0,0,0,1,1.0,0.0,16
2,1,97,10.419058852079415,0.0,,1,0.0,0,0.0,0,0,0,1,1.0,0.0,39
0,1,98,2.658348018483682,0.0,,1,0.0,0,0.0,0,0,0,1,1.0,0.0,24
1,1,98,11.569340735324612,0.0,,1,0.0,0,0.0,0,0,0,1,1.0,0.0,9
2,1,98,12.419062892907673,0.0,,1,0.0,0,0.0,0,0,0,1,1.0,0.0,50
0,1,99,2.5622588527398995,0.0,,1,0.0,0,0.0,0,0,0,1,1.0,0.0,11
1,1,99,11.579350092702807,0.0,,1,0.0,0,0.0,0,0,0,1,1.0,0.0,26
2,1,99,13.705172176399305,0.0,,1,0.0,0,0.0,0,0,0,1,1.0,0.0,48
0,1,100,2.893482744115998,0.0,,1,0.0,0,0.0,0,0,0,1,1.0,0.0,41
1,1,100,11.488418760239089,0.0,,1,0.0,0,0.0,0,0,0,1,1.0,0.0,14
2,1,100,12.878137621267548,0.0,,1,0.0,0,0.0,0,0,0,1,1.0,0.0,4
0,1,101,2.7402906168736094,0.0,,1,0.0,0,0.0,0,0,0,1,1.0,0.0,10
1,1,101,11.507821085938756,0.0,,1,0.0,0,0.0,0,0,0,1,1.0,0.0,29
2,1,101,12.8781401745293,0.0,,1,0.0,0,0.0,0,0,0,1,1.0,0.0,25
0,1,102,2.784638672799289,0.0,,1,0.0,0,0.0,0,0,0,1,1.0,0.0,21
1,1,102,11.849823415116564,0.0,,1,0.0,0,0.0,0,0,0,1,1.0,0.0,42
2,1,102,12.819662526787711,0.0,,1,0.0,0,0.0,0,0,0,1,1.0,0.0,16
0,1,103,3.638324091728924,0.0,,1,0.0,0,0.0,0,0,0,1,1.0,0.0,46
1,1,103,11.186630815381447,0.0,,1,0.0,0,0.0,0,0,0,1,1.0,0.0,5
2,1,103,12.761185042066279,0.0,,1,0.0,0,0.0,0,0,0,1,1.0,0.0,16
0,1,104,3.6407249319591126,0.0,,1,0.0,0,0.0,0,0,0,1,1.0,0.0,20
1,1,104,11.21680078363382,0.0,,1,0.0,0,0.0,0,0,0,1,1.0,0.0,31
2,1,104,12.74563716554121,0.0,,1,0.0,0,0.0,0,0,0,1,1.0,0.0,22
0,1,105,3.8046645971215933,0.0,,1,0.0,0,0.0,0,0,0,1,1.0,0.0,38
1,1,105,11.254419764583853,0.0,,1,0.0,0,0.0,0,0,0,1,1.0,0.0,32
2,1,105,12.632233721504669,0.0,,1,0.0,0,0.0,0,0,0,1,1.0,0.0,13
0,1,106,3.7158925572850023,0.0,,1,0.0,0,0.0,0,0,0,1,1.0,0.0,13
1,1,106,10.912442805399438,0.0,,1,0.0,0,0.0,0,0,0,1,1.0,0.0,8
2,1,106,12.59463108074755,0.0,,1,0.0,0,0.0,0,0,0,1,1.0,0.0,18
0,1,107,3.7247563672645123,0.0,,1,0.0,0,0.0,0,0,0,1,1.0,0.0,22
1,1,107,12.516259532655145,0.0,,1,0.0,0,0.0,0,0,0,1,1.0,0.0,49
2,1,107,12.708040816540137,0.0,,1,0.0,0,0.0,0,0,0,1,1.0,0.0,37
0,1,108,3.6774425097452457,0.0,,1,0.0,0,0.0,0,0,0,1,1.0,0.0,15
1,1,108,13.048091276551656,0.0,,1,0.0,0,0.0,0,0,0,1,1.0,0.0,44
2,1,108,12.661148210162679,0.0,,1,0.0,0,0.0,0,0,0,1,1.0,0.0,17
0,1,109,3.917456048417821,0.0,,1,0.0,0,0.0,0,0,0,1,1.0,0.0,40
1,1,109,12.77384593480998,0.0,,1,0.0,0,0.0,0,0,0,1,1.0,0.0,9
2,1,109,12.680543595713146,0.0,,1,0.0,0,0.0,0,0,0,1,1.0,0.0,29
0,1,110,4.153216021201686,0.0,,1,0.0,0,0.0,0,0,0,1,1.0,0.0,40
1,1,110,12.804005206334978,0.0,,1,0.0,0,0.0,0,0,0,1,1.0,0.0,31
2,1,110,12.656364071178794,0.0,,1,0.0,0,0.0,0,0,0,1,1.0,0.0,20
0,1,111,3.3614786173752855,0.0,,1,0.0,0,0.0,0,0,0,1,1.0,0.0,4
1,1,111,10.804025524091164,0.0,,1,0.0,0,0.0,0,0,0,1,1.0,0.0,0
2,1,111,12.643897017091835,0.0,,1,0.0,0,0.0,0,0,0,1,1.0,0.0,23
0,1,112,3.3805490496434643,0.0,,1,0.0,0,0.0,0,0,0,1,1.0,0.0,22
1,1,112,11.078289143899537,0.0,,1,0.0,0,0.0,0,0,0,1,1.0,0.0,41
2,1,112,12.30190637084223,0.0,,1,0.0,0,0.0,0,0,0,1,1.0,0.0,8
0,1,113,3.4374077667354053,0.0,,1,0.0,0,0.0,0,0,0,1,1.0,0.0,30
1,1,113,10.415112662306278,0.0,,1,0.0,0,0.0,0,0,0,1,1.0,0.0,5
2,1,113,12.521831420036829,0.0,,1,0.0,0,0.0,0,0,0,1,1.0,0.0,40
0,1,114,3.735799158691642,0.0,,1,0.0,0,0.0,0,0,0,1,1.0,0.0,41
1,1,114,10.273725835153105,0.0,,1,0.0,0,0.0,0,0,0,1,1.0,0.0,12
2,1,114,10.521858361478055,0.0,,1,0.0,0,0.0,0,0,0,1,1.0,0.0,0
0,1,115,3.974684473178502,0.0,,1,0.0,0,0.0,0,0,0,1,1.0,0.0,40
1,1,115,10.700225996259794,0.0,,1,0.0,0,0.0,0,0,0,1,1.0,0.0,43
2,1,115,10.74180138667672,0.0,,1,0.0,0,0.0,0,0,0,1,1.0,0.0,40
0,1,116,5.0126981686209415,0.0,,1,0.0,0,0.0,0,0,0,1,1.0,0.0,47
1,1,116,9.873240424648738,0.0,,1,0.0,0,0.0,0,0,0,1,1.0,0.0,4
2,1,116,11.016065998003285,0.0,,1,0.0,0,0.0,0,0,0,1,1.0,0.0,41
0,1,117,4.492128520641795,0.0,,1,0.0,0,0.0,0,0,0,1,1.0,0.0,6
1,1,117,9.897473439276844,0.0,,1,0.0,0,0.0,0,0,0,1,1.0,0.0,30
2,1,117,11.192436185353905,0.0,,1,0.0,0,0.0,0,0,0,1,1.0,0.0,39
0,1,118,4.47935137245171,0.0,,1,0.0,0,0.0,0,0,0,1,1.0,0.0,20
1,1,118,9.859919636256462,0.0,,1,0.0,0,0.0,0,0,0,1,1.0,0.0,18
2,1,118,11.176899387667248,0.0,,1,0.0,0,0.0,0,0,0,1,1.0,0.0,22
0,1,119,4.500516731383121,0.0,,1,0.0,0,0.0,0,0,0,1,1.0,0.0,26
1,1,119,9.89012683184305,0.0,,1,0.0,0,0.0,0,0,0,1,1.0,0.0,31
2,1,119,11.451158200547548,0.0,,1,0.0,0,0.0,0,0,0,1,1.0,0.0,41
0,1,120,2.579367276731263,0.0,,1,0.0,0,0.0,0,0,0,1,1.0,0.0,0
1,1,120,9.615945315733484,0.0,,1,0.0,0,0.0,0,0,0,1,1.0,0.0,9
2,1,120,10.165088525360238,0.0,,1,0.0,0,0.0,0,0,0,1,1.0,0.0,2
0,1,121,2.0534596384502963,0.0,,1,0.0,0,0.0,0,0,0,1,1.0,0.0,5
1,1,121,9.543090365872866,0.0,,1,0.0,0,0.0,0,0,0,1,1.0,0.0,15
2,1,121,10.118233085126421,0.0,,1,0.0,0,0.0,0,0,0,1,1.0,0.0,17
0,1,122,2.195625455953036,0.0,,1,0.0,0,0.0,0,0,0,1,1.0,0.0,30
1,1,122,9.684573960232843,0.0,,1,0.0,0,0.0,0,0,0,1,1.0,0.0,38
2,1,122,9.291288205159367,0.0,,1,0.0,0,0.0,0,0,0,1,1.0,0.0,4
0,1,123,2.301145998871777,0.0,,1,0.0,0,0.0,0,0,0,1,1.0,0.0,25
1,1,123,10.026613358166578,0.0,,1,0.0,0,0.0,0,0,0,1,1.0,0.0,42
2,1,123,9.267199970541075,0.0,,1,0.0,0,0.0,0,0,0,1,1.0,0.0,20
0,1,124,2.47958422126744,0.0,,1,0.0,0,0.0,0,0,0,1,1.0,0.0,36
1,1,124,10.689842591596506,0.0,,1,0.0,0,0.0,0,0,0,1,1.0,0.0,45
2,1,124,9.380691020099146,0.0,,1,0.0,0,0.0,0,0,0,1,1.0,0.0,37
0,1,125,2.560037353767175,0.0,,1,0.0,0,0.0,0,0,0,1,1.0,0.0,25
1,1,125,10.46994956547807,0.0,,1,0.0,0,0.0,0,0,0,1,1.0,0.0,10
2,1,125,9.439250917995073,0.0,,1,0.0,0,0.0,0,0,0,1,1.0,0.0,34
0,1,126,1.0118692014057369,98.0,,1,1.1631851,99.16318173776222,98.81307985942631,0,0,0,1,1.0,1.1631851,0
1,1,126,9.806798184834916,0.0,,1,0.0,0,0.0,0,0,0,1,1.0,0.0,5
2,1,126,9.476933550322471,0.0,,1,0.0,0,0.0,0,0,0,1,1.0,0.0,32
0,1,127,1.0280803786677861,97.0,,1,2.723793,99.72379673077525,97.19196213322138,0,0,0,1,1.0,2.723793,7
1,1,127,9.7968538127174,0.0,,1,0.0,0,0.0,0,0,0,1,1.0,0.0,24
2,1,127,8.191102530084532,0.0,,1,0.0,0,0.0,0,0,0,1,1.0,0.0,2
0,1,128,1.542838769364732,45.0,,1,24.427742,69.42774462141294,45.716123063526794,0,0,0,1,1.0,24.427742,41
1,1,128,9.796909437505594,0.0,,1,0.0,0,0.0,0,0,0,1,1.0,0.0,25
2,1,128,8.22897540617708,0.0,,1,0.0,0,0.0,0,0,0,1,1.0,0.0,32
0,1,129,1.6768821371240963,32.0,,1,21.660229,53.66022838797108,32.311786287590365,0,0,0,1,1.0,21.660229,15
1,1,129,9.750071951291426,0.0,,1,0.0,0,0.0,0,0,0,1,1.0,0.0,17
2,1,129,8.219244860913248,0.0,,1,0.0,0,0.0,0,0,0,1,1.0,0.0,24
0,1,130,1.5685255748241551,43.0,,1,24.446602,67.44659971743867,43.147442517584494,0,0,0,1,1.0,24.446602,8
1,1,130,10.176587623856017,0.0,,1,0.0,0,0.0,0,0,0,1,1.0,0.0,43
2,1,130,8.257110333006596,0.0,,1,0.0,0,0.0,0,0,0,1,1.0,0.0,32
0,1,131,0.6756590803796428,132.0,,1,-42.813004,89.18699861011285,132.43409196203572,0,0,0,1,1.0,-42.813004,1
1,1,131,10.318042012366604,0.0,,1,0.0,0,0.0,0,0,0,1,1.0,0.0,38
2,1,131,8.398756861632508,0.0,,1,0.0,0,0.0,0,0,0,1,1.0,0.0,38
0,1,132,1.067102749768102,93.0,,1,6.240555,99.24055572843349,93.28972502318979,0,0,0,1,1.0,6.240555,19
1,1,132,10.84989100897235,0.0,,1,0.0,0,0.0,0,0,0,1,1.0,0.0,44
2,1,132,8.618858947252779,0.0,,1,0.0,0,0.0,0,0,0,1,1.0,0.0,40
0,1,133,1.6277221854241473,37.0,,1,23.22572,60.22572086069345,37.22778145758528,0,0,0,1,1.0,23.22572,42
1,1,133,12.13600453872802,0.0,,1,0.0,0,0.0,0,0,0,1,1.0,0.0,48
2,1,133,8.838925339240092,0.0,,1,0.0,0,0.0,0,0,0,1,1.0,0.0,40
0,1,134,1.7940378890049056,20.0,,1,15.880756,35.88075778009811,20.596211099509446,0,0,0,1,1.0,15.880756,22
1,1,134,12.063083659957957,0.0,,1,0.0,0,0.0,0,0,0,1,1.0,0.0,15
2,1,134,8.86922252281531,0.0,,1,0.0,0,0.0,0,0,0,1,1.0,0.0,31
0,1,135,1.9686337183853548,3.0,,1,2.905901,5.905901155156064,3.136628161464529,0,0,0,1,1.0,2.905901,30
1,1,135,11.972148397110926,0.0,,1,0.0,0,0.0,0,0,0,1,1.0,0.0,14
2,1,135,8.796447156444119,0.0,,1,0.0,0,0.0,0,0,0,1,1.0,0.0,15
0,1,136,1.8630408718783182,13.0,,1,11.219532,24.219531334418136,13.695912812168189,0,0,0,1,1.0,11.219532,9
1,1,136,11.630162101562233,0.0,,1,0.0,0,0.0,0,0,0,1,1.0,0.0,8
2,1,136,8.370201231204295,0.0,,1,0.0,0,0.0,0,0,0,1,1.0,0.0,7
0,1,137,1.95689247793585,4.0,,1,3.82757,7.8275699117434,4.310752206415003,0,0,0,1,1.0,3.82757,16
1,1,137,11.630170995269781,0.0,,1,0.0,0,0.0,0,0,0,1,1.0,0.0,25
2,1,137,9.40162236230224,0.0,,1,0.0,0,0.0,0,0,0,1,1.0,0.0,47
0,1,138,2.056184824854502,0.0,,1,0.0,0,0.0,0,0,0,1,1.0,0.0,18
1,1,138,12.056654422088437,0.0,,1,0.0,0,0.0,0,0,0,1,1.0,0.0,43
2,1,138,7.402232438059859,0.0,,1,0.0,0,0.0,0,0,0,1,1.0,0.0,0
0,1,139,2.155168707484214,0.0,,1,0.0,0,0.0,0,0,0,1,1.0,0.0,20
1,1,139,11.880304938341935,0.0,,1,0.0,0,0.0,0,0,0,1,1.0,0.0,11
2,1,139,7.62264320773069,0.0,,1,0.0,0,0.0,0,0,0,1,1.0,0.0,40
0,1,140,3.472798572976626,0.0,,1,0.0,0,0.0,0,0,0,1,1.0,0.0,48
1,1,140,11.860919724921287,0.0,,1,0.0,0,0.0,0,0,0,1,1.0,0.0,21
2,1,140,8.049440160339254,0.0,,1,0.0,0,0.0,0,0,0,1,1.0,0.0,43
0,1,141,3.539851575114935,0.0,,1,0.0,0,0.0,0,0,0,1,1.0,0.0,32
1,1,141,11.86092678592565,0.0,,1,0.0,0,0.0,0,0,0,1,1.0,0.0,25
2,1,141,6.764486699631982,0.0,,1,0.0,0,0.0,0,0,0,1,1.0,0.0,2
0,1,142,4.379499495789108,0.0,,1,0.0,0,0.0,0,0,0,1,1.0,0.0,46
1,1,142,12.524136881780079,0.0,,1,0.0,0,0.0,0,0,0,1,1.0,0.0,45
2,1,142,6.103517734653042,0.0,,1,0.0,0,0.0,0,0,0,1,1.0,0.0,5
0,1,143,3.740325890242654,0.0,,1,0.0,0,0.0,0,0,0,1,1.0,0.0,5
1,1,143,12.866134655215186,0.0,,1,0.0,0,0.0,0,0,0,1,1.0,0.0,42
2,1,143,6.047404169094464,0.0,,1,0.0,0,0.0,0,0,0,1,1.0,0.0,16
0,1,144,3.8005442635887414,0.0,,1,0.0,0,0.0,0,0,0,1,1.0,0.0,32
1,1,144,13.140384795173317,0.0,,1,0.0,0,0.0,0,0,0,1,1.0,0.0,41
2,1,144,6.049765369833121,0.0,,1,0.0,0,0.0,0,0,0,1,1.0,0.0,25
0,1,145,3.9337158324081134,0.0,,1,0.0,0,0.0,0,0,0,1,1.0,0.0,37
1,1,145,13.177992717885317,0.0,,1,0.0,0,0.0,0,0,0,1,1.0,0.0,32
2,1,145,6.052121008433597,0.0,,1,0.0,0,0.0,0,0,0,1,1.0,0.0,25
0,1,146,3.8419933357336586,0.0,,1,0.0,0,0.0,0,0,0,1,1.0,0.0,13
1,1,146,12.751517994798315,0.0,,1,0.0,0,0.0,0,0,0,1,1.0,0.0,7
2,1,146,6.054471111039105,0.0,,1,0.0,0,0.0,0,0,0,1,1.0,0.0,25
0,1,147,3.3460232347401977,0.0,,1,0.0,0,0.0,0,0,0,1,1.0,0.0,6
1,1,147,12.770913111531357,0.0,,1,0.0,0,0.0,0,0,0,1,1.0,0.0,29
2,1,147,5.715774954677637,0.0,,1,0.0,0,0.0,0,0,0,1,1.0,0.0,8
0,1,148,3.5175652877996777,0.0,,1,0.0,0,0.0,0,0,0,1,1.0,0.0,38
1,1,148,11.167114182290781,0.0,,1,0.0,0,0.0,0,0,0,1,1.0,0.0,1
2,1,148,4.693631947664596,0.0,,1,0.0,0,0.0,0,0,0,1,1.0,0.0,3
0,1,149,3.534696447495471,0.0,,1,0.0,0,0.0,0,0,0,1,1.0,0.0,23
1,1,149,11.214023444539352,0.0,,1,0.0,0,0.0,0,0,0,1,1.0,0.0,33
2,1,149,4.692834844922382,0.0,,1,0.0,0,0.0,0,0,0,1,1.0,0.0,24
0,1,150,2.9265599265649405,0.0,,1,0.0,0,0.0,0,0,0,1,1.0,0.0,5
1,1,150,11.272516517075791,0.0,,1,0.0,0,0.0,0,0,0,1,1.0,0.0,34
2,1,150,4.725919622697806,0.0,,1,0.0,0,0.0,0,0,0,1,1.0,0.0,30
0,1,151,2.8450293095566854,0.0,,1,0.0,0,0.0,0,0,0,1,1.0,0.0,12
1,1,151,9.986454370383907,0.0,,1,0.0,0,0.0,0,0,0,1,1.0,0.0,2
2,1,151,3.9189444649627565,0.0,,1,0.0,0,0.0,0,0,0,1,1.0,0.0,4
0,1,152,2.9015349308671956,0.0,,1,0.0,0,0.0,0,0,0,1,1.0,0.0,25
1,1,152,8.382870088314865,0.0,,1,0.0,0,0.0,0,0,0,1,1.0,0.0,1
2,1,152,3.90905138779515,0.0,,1,0.0,0,0.0,0,0,0,1,1.0,0.0,19
0,1,153,3.1229185009933706,0.0,,1,0.0,0,0.0,0,0,0,1,1.0,0.0,39
1,1,153,8.336214016704051,0.0,,1,0.0,0,0.0,0,0,0,1,1.0,0.0,17
2,1,153,3.913669725264508,0.0,,1,0.0,0,0.0,0,0,0,1,1.0,0.0,22
0,1,154,3.130014046255589,0.0,,1,0.0,0,0.0,0,0,0,1,1.0,0.0,18
1,1,154,8.37405085307511,0.0,,1,0.0,0,0.0,0,0,0,1,1.0,0.0,32
2,1,154,4.072276464558974,0.0,,1,0.0,0,0.0,0,0,0,1,1.0,0.0,38
0,1,155,3.43695332541635,0.0,,1,0.0,0,0.0,0,0,0,1,1.0,0.0,41
1,1,155,7.088777451416925,0.0,,1,0.0,0,0.0,0,0,0,1,1.0,0.0,2
2,1,155,3.087621153831458,0.0,,1,0.0,0,0.0,0,0,0,1,1.0,0.0,3
0,1,156,3.0585687075857813,0.0,,1,0.0,0,0.0,0,0,0,1,1.0,0.0,7
1,1,156,7.079619899344271,0.0,,1,0.0,0,0.0,0,0,0,1,1.0,0.0,24
2,1,156,3.1033999856978944,0.0,,1,0.0,0,0.0,0,0,0,1,1.0,0.0,19
0,1,157,3.90593319217347,0.0,,1,0.0,0,0.0,0,0,0,1,1.0,0.0,46
1,1,157,6.904267487823523,0.0,,1,0.0,0,0.0,0,0,0,1,1.0,0.0,11
2,1,157,3.1761969347609647,0.0,,1,0.0,0,0.0,0,0,0,1,1.0,0.0,31
0,1,158,5.51378521945651,0.0,,1,0.0,0,0.0,0,0,0,1,1.0,0.0,49
1,1,158,6.952120328729843,0.0,,1,0.0,0,0.0,0,0,0,1,1.0,0.0,33
2,1,158,3.2074959141945394,0.0,,1,0.0,0,0.0,0,0,0,1,1.0,0.0,24
0,1,159,5.5053880329627445,0.0,,1,0.0,0,0.0,0,0,0,1,1.0,0.0,23
1,1,159,7.011502543145425,0.0,,1,0.0,0,0.0,0,0,0,1,1.0,0.0,34
2,1,159,3.762817523457027,0.0,,1,0.0,0,0.0,0,0,0,1,1.0,0.0,44
0,1,160,6.3342012804149475,0.0,,1,0.0,0,0.0,0,0,0,1,1.0,0.0,46
1,1,160,7.188614372373134,0.0,,1,0.0,0,0.0,0,0,0,1,1.0,0.0,39
2,1,160,3.7621428733347146,0.0,,1,0.0,0,0.0,0,0,0,1,1.0,0.0,20
0,1,161,4.739172569190017,0.0,,1,0.0,0,0.0,0,0,0,1,1.0,0.0,1
1,1,161,7.531145829072717,0.0,,1,0.0,0,0.0,0,0,0,1,1.0,0.0,42
2,1,161,3.8423007037585046,0.0,,1,0.0,0,0.0,0,0,0,1,1.0,0.0,34
0,1,162,4.635514338576792,0.0,,1,0.0,0,0.0,0,0,0,1,1.0,0.0,13
1,1,162,7.3554287375012875,0.0,,1,0.0,0,0.0,0,0,0,1,1.0,0.0,11
2,1,162,2.86936983156443,0.0,,1,0.0,0,0.0,0,0,0,1,1.0,0.0,3
0,1,163,4.470663588372912,0.0,,1,0.0,0,0.0,0,0,0,1,1.0,0.0,11
1,1,163,8.9593703336186,0.0,,1,0.0,0,0.0,0,0,0,1,1.0,0.0,49
2,1,163,3.133819200897798,0.0,,1,0.0,0,0.0,0,0,0,1,1.0,0.0,40
0,1,164,4.392173012350059,0.0,,1,0.0,0,0.0,0,0,0,1,1.0,0.0,14
1,1,164,9.385931854211684,0.0,,1,0.0,0,0.0,0,0,0,1,1.0,0.0,43
2,1,164,3.9797239872697387,0.0,,1,0.0,0,0.0,0,0,0,1,1.0,0.0,46
0,1,165,3.9844728374252587,0.0,,1,0.0,0,0.0,0,0,0,1,1.0,0.0,7
1,1,165,9.398484988420169,0.0,,1,0.0,0,0.0,0,0,0,1,1.0,0.0,27
2,1,165,3.859604246927481,0.0,,1,0.0,0,0.0,0,0,0,1,1.0,0.0,12
0,1,166,4.339595618773222,0.0,,1,0.0,0,0.0,0,0,0,1,1.0,0.0,42
1,1,166,10.68461604996705,0.0,,1,0.0,0,0.0,0,0,0,1,1.0,0.0,48
2,1,166,5.151519841520213,0.0,,1,0.0,0,0.0,0,0,0,1,1.0,0.0,48
0,1,167,4.294847772481099,0.0,,1,0.0,0,0.0,0,0,0,1,1.0,0.0,16
1,1,167,12.288433715374024,0.0,,1,0.0,0,0.0,0,0,0,1,1.0,0.0,49
2,1,167,5.084802541565241,0.0,,1,0.0,0,0.0,0,0,0,1,1.0,0.0,15
0,1,168,4.345503560262884,0.0,,1,0.0,0,0.0,0,0,0,1,1.0,0.0,32
1,1,168,12.562685391274059,0.0,,1,0.0,0,0.0,0,0,0,1,1.0,0.0,41
2,1,168,5.3096797139426934,0.0,,1,0.0,0,0.0,0,0,0,1,1.0,0.0,40
0,1,169,4.629558732223333,0.0,,1,0.0,0,0.0,0,0,0,1,1.0,0.0,41
1,1,169,12.676095225317338,0.0,,1,0.0,0,0.0,0,0,0,1,1.0,0.0,37
2,1,169,5.304660482197855,0.0,,1,0.0,0,0.0,0,0,0,1,1.0,0.0,24
0,1,170,5.4608548184881105,0.0,,1,0.0,0,0.0,0,0,0,1,1.0,0.0,46
1,1,170,12.534677468723803,0.0,,1,0.0,0,0.0,0,0,0,1,1.0,0.0,12
2,1,170,5.322025576669715,0.0,,1,0.0,0,0.0,0,0,0,1,1.0,0.0,27
0,1,171,4.936232743050204,0.0,,1,0.0,0,0.0,0,0,0,1,1.0,0.0,6
1,1,171,12.593161218648564,0.0,,1,0.0,0,0.0,0,0,0,1,1.0,0.0,34
2,1,171,5.856719877200298,0.0,,1,0.0,0,0.0,0,0,0,1,1.0,0.0,44
0,1,172,5.083869262517972,0.0,,1,0.0,0,0.0,0,0,0,1,1.0,0.0,38
1,1,172,12.502223356421323,0.0,,1,0.0,0,0.0,0,0,0,1,1.0,0.0,14
2,1,172,6.889077787312126,0.0,,1,0.0,0,0.0,0,0,0,1,1.0,0.0,47
0,1,173,5.750262738403586,0.0,,1,0.0,0,0.0,0,0,0,1,1.0,0.0,45
1,1,173,12.521619277853128,0.0,,1,0.0,0,0.0,0,0,0,1,1.0,0.0,29
2,1,173,6.548515864272154,0.0,,1,0.0,0,0.0,0,0,0,1,1.0,0.0,8
0,1,174,5.741009150857819,0.0,,1,0.0,0,0.0,0,0,0,1,1.0,0.0,23
1,1,174,10.917824349460817,0.0,,1,0.0,0,0.0,0,0,0,1,1.0,0.0,1
2,1,174,6.519834343012948,0.0,,1,0.0,0,0.0,0,0,0,1,1.0,0.0,19
0,1,175,5.75418367722346,0.0,,1,0.0,0,0.0,0,0,0,1,1.0,0.0,26
1,1,175,10.93723440768432,0.0,,1,0.0,0,0.0,0,0,0,1,1.0,0.0,29
2,1,175,5.990510276337005,0.0,,1,0.0,0,0.0,0,0,0,1,1.0,0.0,6
0,1,176,6.0308382243702745,0.0,,1,0.0,0,0.0,0,0,0,1,1.0,0.0,41
1,1,176,10.91306991465521,0.0,,1,0.0,0,0.0,0,0,0,1,1.0,0.0,20
2,1,176,5.955499159200363,0.0,,1,0.0,0,0.0,0,0,0,1,1.0,0.0,18
0,1,177,5.986458155094237,0.0,,1,0.0,0,0.0,0,0,0,1,1.0,0.0,17
1,1,177,10.95069349158319,0.0,,1,0.0,0,0.0,0,0,0,1,1.0,0.0,32
2,1,177,6.030832192575402,0.0,,1,0.0,0,0.0,0,0,0,1,1.0,0.0,35
0,1,178,7.018692088864908,0.0,,1,0.0,0,0.0,0,0,0,1,1.0,0.0,47
1,1,178,11.224955004527398,0.0,,1,0.0,0,0.0,0,0,0,1,1.0,0.0,41
2,1,178,6.017719587564251,0.0,,1,0.0,0,0.0,0,0,0,1,1.0,0.0,22
0,1,179,7.445753796200338,0.0,,1,0.0,0,0.0,0,0,0,1,1.0,0.0,43
1,1,179,11.262573880310153,0.0,,1,0.0,0,0.0,0,0,0,1,1.0,0.0,32
2,1,179,6.445785666576569,0.0,,1,0.0,0,0.0,0,0,0,1,1.0,0.0,43
0,1,180,7.977926394543923,0.0,,1,0.0,0,0.0,0,0,0,1,1.0,0.0,44
1,1,180,12.548685596716245,0.0,,1,0.0,0,0.0,0,0,0,1,1.0,0.0,48
2,1,180,6.2278399245581655,0.0,,1,0.0,0,0.0,0,0,0,1,1.0,0.0,10
0,1,181,7.993814787030265,0.0,,1,0.0,0,0.0,0,0,0,1,1.0,0.0,28
1,1,181,13.08051727188091,0.0,,1,0.0,0,0.0,0,0,0,1,1.0,0.0,44
2,1,181,6.253947336361073,0.0,,1,0.0,0,0.0,0,0,0,1,1.0,0.0,30
0,1,182,7.978606770804062,0.0,,1,0.0,0,0.0,0,0,0,1,1.0,0.0,22
1,1,182,13.74372480437417,0.0,,1,0.0,0,0.0,0,0,0,1,1.0,0.0,45
2,1,182,7.2859711914254595,0.0,,1,0.0,0,0.0,0,0,0,1,1.0,0.0,47
0,1,183,6.376496231264188,0.0,,1,0.0,0,0.0,0,0,0,1,1.0,0.0,1
1,1,183,13.630319298725865,0.0,,1,0.0,0,0.0,0,0,0,1,1.0,0.0,13
2,1,183,7.377538105533476,0.0,,1,0.0,0,0.0,0,0,0,1,1.0,0.0,36
0,1,184,6.388178961415849,0.0,,1,0.0,0,0.0,0,0,0,1,1.0,0.0,26
1,1,184,13.972315342932497,0.0,,1,0.0,0,0.0,0,0,0,1,1.0,0.0,42
2,1,184,7.362622047896465,0.0,,1,0.0,0,0.0,0,0,0,1,1.0,0.0,22
0,1,185,6.3657172374366136,0.0,,1,0.0,0,0.0,0,0,0,1,1.0,0.0,20
1,1,185,15.258423746006217,0.0,,1,0.0,0,0.0,0,0,0,1,1.0,0.0,48
2,1,185,7.221931348941214,0.0,,1,0.0,0,0.0,0,0,0,1,1.0,0.0,12
0,1,186,6.337331299130824,0.0,,1,0.0,0,0.0,0,0,0,1,1.0,0.0,19
1,1,186,15.268423979894125,0.0,,1,0.0,0,0.0,0,0,0,1,1.0,0.0,26
2,1,186,7.0464458161790064,0.0,,1,0.0,0,0.0,0,0,0,1,1.0,0.0,11
0,1,187,8.337570680882642,0.0,,1,0.0,0,0.0,0,0,0,1,1.0,0.0,50
1,1,187,15.238267699158655,0.0,,1,0.0,0,0.0,0,0,0,1,1.0,0.0,19
2,1,187,6.516096754360613,0.0,,1,0.0,0,0.0,0,0,0,1,1.0,0.0,6
0,1,188,8.514127724280831,0.0,,1,0.0,0,0.0,0,0,0,1,1.0,0.0,39
1,1,188,14.81179044740002,0.0,,1,0.0,0,0.0,0,0,0,1,1.0,0.0,7
2,1,188,5.692436709734284,0.0,,1,0.0,0,0.0,0,0,0,1,1.0,0.0,4
0,1,189,10.514154874069398,0.0,,1,0.0,0,0.0,0,0,0,1,1.0,0.0,50
1,1,189,14.469795777878298,0.0,,1,0.0,0,0.0,0,0,0,1,1.0,0.0,8
2,1,189,5.754091882744639,0.0,,1,0.0,0,0.0,0,0,0,1,1.0,0.0,34
0,1,190,10.50171208250443,0.0,,1,0.0,0,0.0,0,0,0,1,1.0,0.0,23
1,1,190,14.611217585377776,0.0,,1,0.0,0,0.0,0,0,0,1,1.0,0.0,38
2,1,190,5.847923520973058,0.0,,1,0.0,0,0.0,0,0,0,1,1.0,0.0,36
0,1,191,10.54863409051429,0.0,,1,0.0,0,0.0,0,0,0,1,1.0,0.0,33
1,1,191,14.62368831233514,0.0,,1,0.0,0,0.0,0,0,0,1,1.0,0.0,27
2,1,191,6.0266963014337405,0.0,,1,0.0,0,0.0,0,0,0,1,1.0,0.0,39
0,1,192,10.016849143204423,0.0,,1,0.0,0,0.0,0,0,0,1,1.0,0.0,6
1,1,192,14.68216908745329,0.0,,1,0.0,0,0.0,0,0,0,1,1.0,0.0,34
2,1,192,6.013593789018941,0.0,,1,0.0,0,0.0,0,0,0,1,1.0,0.0,22
0,1,193,10.107831483743773,0.0,,1,0.0,0,0.0,0,0,0,1,1.0,0.0,36
1,1,193,14.340174489872327,0.0,,1,0.0,0,0.0,0,0,0,1,1.0,0.0,8
2,1,193,6.035381513844905,0.0,,1,0.0,0,0.0,0,0,0,1,1.0,0.0,29
0,1,194,10.049394341825963,0.0,,1,0.0,0,0.0,0,0,0,1,1.0,0.0,16
1,1,194,16.340174569957544,0.0,,1,0.0,0,0.0,0,0,0,1,1.0,0.0,50
2,1,194,5.861875064312955,0.0,,1,0.0,0,0.0,0,0,0,1,1.0,0.0,11
0,1,195,10.087041988951103,0.0,,1,0.0,0,0.0,0,0,0,1,1.0,0.0,32
1,1,195,17.167211713382294,0.0,,1,0.0,0,0.0,0,0,0,1,1.0,0.0,46
2,1,195,4.2721125289697115,0.0,,1,0.0,0,0.0,0,0,0,1,1.0,0.0,1
0,1,196,8.087349439678935,0.0,,1,0.0,0,0.0,0,0,0,1,1.0,0.0,0
1,1,196,18.198550263590885,0.0,,1,0.0,0,0.0,0,0,0,1,1.0,0.0,47
2,1,196,4.323066410528521,0.0,,1,0.0,0,0.0,0,0,0,1,1.0,0.0,32
0,1,197,8.361831258777865,0.0,,1,0.0,0,0.0,0,0,0,1,1.0,0.0,41
1,1,197,18.188550276203728,0.0,,1,0.0,0,0.0,0,0,0,1,1.0,0.0,24
2,1,197,4.336238440294661,0.0,,1,0.0,0,0.0,0,0,0,1,1.0,0.0,25
0,1,198,8.636257000448463,0.0,,1,0.0,0,0.0,0,0,0,1,1.0,0.0,41
1,1,198,18.462798461467504,0.0,,1,0.0,0,0.0,0,0,0,1,1.0,0.0,41
2,1,198,4.523505073820503,0.0,,1,0.0,0,0.0,0,0,0,1,1.0,0.0,39
0,1,199,8.210051323178376,0.0,,1,0.0,0,0.0,0,0,0,1,1.0,0.0,7
1,1,199,17.17669032932666,0.0,,1,0.0,0,0.0,0,0,0,1,1.0,0.0,2
2,1,199,6.524972509435221,0.0,,1,0.0,0,0.0,0,0,0,1,1.0,0.0,50
0,1,200,9.496234627042474,0.0,,1,0.0,0,0.0,0,0,0,1,1.0,0.0,48
1,1,200,17.83989680526861,0.0,,1,0.0,0,0.0,0,0,0,1,1.0,0.0,45
2,1,200,6.639687509713625,0.0,,1,0.0,0,0.0,0,0,0,1,1.0,0.0,37
0,1,201,9.526464048412405,0.0,,1,0.0,0,0.0,0,0,0,1,1.0,0.0,31
1,1,201,17.698475469620988,0.0,,1,0.0,0,0.0,0,0,0,1,1.0,0.0,12
2,1,201,6.582592370052264,0.0,,1,0.0,0,0.0,0,0,0,1,1.0,0.0,16
0,1,202,9.350194591452254,0.0,,1,0.0,0,0.0,0,0,0,1,1.0,0.0,11
1,1,202,17.73608152038162,0.0,,1,0.0,0,0.0,0,0,0,1,1.0,0.0,32
2,1,202,5.301480873266604,0.0,,1,0.0,0,0.0,0,0,0,1,1.0,0.0,2
0,1,203,10.177269725460956,0.0,,1,0.0,0,0.0,0,0,0,1,1.0,0.0,46
1,1,203,17.516160142077837,0.0,,1,0.0,0,0.0,0,0,0,1,1.0,0.0,10
2,1,203,5.343875671525954,0.0,,1,0.0,0,0.0,0,0,0,1,1.0,0.0,32
0,1,204,8.891299148894799,0.0,,1,0.0,0,0.0,0,0,0,1,1.0,0.0,2
1,1,204,17.486003645757755,0.0,,1,0.0,0,0.0,0,0,0,1,1.0,0.0,19
2,1,204,5.235805711903486,0.0,,1,0.0,0,0.0,0,0,0,1,1.0,0.0,13
0,1,205,8.671549153956786,0.0,,1,0.0,0,0.0,0,0,0,1,1.0,0.0,10
1,1,205,17.427523317990953,0.0,,1,0.0,0,0.0,0,0,0,1,1.0,0.0,16
2,1,205,5.265170339171102,0.0,,1,0.0,0,0.0,0,0,0,1,1.0,0.0,30
0,1,206,8.70187196382595,0.0,,1,0.0,0,0.0,0,0,0,1,1.0,0.0,31
1,1,206,18.090729789967508,0.0,,1,0.0,0,0.0,0,0,0,1,1.0,0.0,45
2,1,206,5.931036059013984,0.0,,1,0.0,0,0.0,0,0,0,1,1.0,0.0,45
0,1,207,10.701894466346848,0.0,,1,0.0,0,0.0,0,0,0,1,1.0,0.0,50
1,1,207,18.114912515295405,0.0,,1,0.0,0,0.0,0,0,0,1,1.0,0.0,30
2,1,207,6.153086633749412,0.0,,1,0.0,0,0.0,0,0,0,1,1.0,0.0,40
0,1,208,10.72130881067963,0.0,,1,0.0,0,0.0,0,0,0,1,1.0,0.0,29
1,1,208,18.090729817453184,0.0,,1,0.0,0,0.0,0,0,0,1,1.0,0.0,20
2,1,208,6.131080519461527,0.0,,1,0.0,0,0.0,0,0,0,1,1.0,0.0,20
0,1,209,10.54497872712399,0.0,,1,0.0,0,0.0,0,0,0,1,1.0,0.0,11
1,1,209,18.26708623835177,0.0,,1,0.0,0,0.0,0,0,0,1,1.0,0.0,39
2,1,209,6.095729495525958,0.0,,1,0.0,0,0.0,0,0,0,1,1.0,0.0,18
0,1,210,10.507400029997587,0.0,,1,0.0,0,0.0,0,0,0,1,1.0,0.0,18
1,1,210,18.12566489554594,0.0,,1,0.0,0,0.0,0,0,0,1,1.0,0.0,12
2,1,210,6.088002015435988,0.0,,1,0.0,0,0.0,0,0,0,1,1.0,0.0,24
0,1,211,10.080964278889274,0.0,,1,0.0,0,0.0,0,0,0,1,1.0,0.0,7
1,1,211,18.95270200982013,0.0,,1,0.0,0,0.0,0,0,0,1,1.0,0.0,46
2,1,211,6.066142105995532,0.0,,1,0.0,0,0.0,0,0,0,1,1.0,0.0,20
0,1,212,9.254022900852346,0.0,,1,0.0,0,0.0,0,0,0,1,1.0,0.0,4
1,1,212,20.556515070519627,0.0,,1,0.0,0,0.0,0,0,0,1,1.0,0.0,49
2,1,212,5.40742887952094,0.0,,1,0.0,0,0.0,0,0,0,1,1.0,0.0,5
0,1,213,8.979900648460907,0.0,,1,0.0,0,0.0,0,0,0,1,1.0,0.0,9
1,1,213,20.465573489908774,0.0,,1,0.0,0,0.0,0,0,0,1,1.0,0.0,14
2,1,213,5.071725031345853,0.0,,1,0.0,0,0.0,0,0,0,1,1.0,0.0,8
0,1,214,9.010179337653211,0.0,,1,0.0,0,0.0,0,0,0,1,1.0,0.0,31
1,1,214,20.37463190929792,0.0,,1,0.0,0,0.0,0,0,0,1,1.0,0.0,14
2,1,214,3.4986177573882253,0.0,,1,0.0,0,0.0,0,0,0,1,1.0,0.0,1
0,1,215,9.352261299739592,0.0,,1,0.0,0,0.0,0,0,0,1,1.0,0.0,42
1,1,215,20.37463190929792,0.0,,1,0.0,0,0.0,0,0,0,1,1.0,0.0,25
2,1,215,3.5133178300150574,0.0,,1,0.0,0,0.0,0,0,0,1,1.0,0.0,22
0,1,216,10.179336355243096,0.0,,1,0.0,0,0.0,0,0,0,1,1.0,0.0,46
1,1,216,20.30170526192575,0.0,,1,0.0,0,0.0,0,0,0,1,1.0,0.0,15
2,1,216,3.277521175598672,0.0,,1,0.0,0,0.0,0,0,0,1,1.0,0.0,9
0,1,217,9.352386008772969,0.0,,1,0.0,0,0.0,0,0,0,1,1.0,0.0,4
1,1,217,20.22877861455358,0.0,,1,0.0,0,0.0,0,0,0,1,1.0,0.0,15
2,1,217,3.291255421111302,0.0,,1,0.0,0,0.0,0,0,0,1,1.0,0.0,20
0,1,218,9.352472763175891,0.0,,1,0.0,0,0.0,0,0,0,1,1.0,0.0,25
1,1,218,20.258935136337573,0.0,,1,0.0,0,0.0,0,0,0,1,1.0,0.0,31
2,1,218,3.315766807469386,0.0,,1,0.0,0,0.0,0,0,0,1,1.0,0.0,23
0,1,219,9.493969426841897,0.0,,1,0.0,0,0.0,0,0,0,1,1.0,0.0,38
1,1,219,20.22132910540671,0.0,,1,0.0,0,0.0,0,0,0,1,1.0,0.0,18
2,1,219,3.2153160452573277,0.0,,1,0.0,0,0.0,0,0,0,1,1.0,0.0,12
0,1,220,8.830909124769356,0.0,,1,0.0,0,0.0,0,0,0,1,1.0,0.0,5
1,1,220,20.130387524795857,0.0,,1,0.0,0,0.0,0,0,0,1,1.0,0.0,14
2,1,220,3.519622089600662,0.0,,1,0.0,0,0.0,0,0,0,1,1.0,0.0,41
0,1,221,9.105268385672218,0.0,,1,0.0,0,0.0,0,0,0,1,1.0,0.0,41
1,1,221,19.598557938180676,0.0,,1,0.0,0,0.0,0,0,0,1,1.0,0.0,6
2,1,221,3.5676425759348436,0.0,,1,0.0,0,0.0,0,0,0,1,1.0,0.0,29
0,1,222,7.5020074525603055,0.0,,1,0.0,0,0.0,0,0,0,1,1.0,0.0,1
1,1,222,19.657038295849336,0.0,,1,0.0,0,0.0,0,0,0,1,1.0,0.0,34
2,1,222,3.424397244160868,0.0,,1,0.0,0,0.0,0,0,0,1,1.0,0.0,11
0,1,223,6.839871808196077,0.0,,1,0.0,0,0.0,0,0,0,1,1.0,0.0,5
1,1,223,19.66703829872484,0.0,,1,0.0,0,0.0,0,0,0,1,1.0,0.0,26
2,1,223,3.8719131284393287,0.0,,1,0.0,0,0.0,0,0,0,1,1.0,0.0,43
0,1,224,6.860313218266354,0.0,,1,0.0,0,0.0,0,0,0,1,1.0,0.0,29
1,1,224,19.3250431134375,0.0,,1,0.0,0,0.0,0,0,0,1,1.0,0.0,8
2,1,224,3.7200870010142126,0.0,,1,0.0,0,0.0,0,0,0,1,1.0,0.0,11
0,1,225,7.687808813226826,0.0,,1,0.0,0,0.0,0,0,0,1,1.0,0.0,46
1,1,225,19.0507949430866,0.0,,1,0.0,0,0.0,0,0,0,1,1.0,0.0,9
2,1,225,3.8152912585767744,0.0,,1,0.0,0,0.0,0,0,0,1,1.0,0.0,35
0,1,226,7.779168841128101,0.0,,1,0.0,0,0.0,0,0,0,1,1.0,0.0,36
1,1,226,19.074977660035895,0.0,,1,0.0,0,0.0,0,0,0,1,1.0,0.0,30
2,1,226,4.3599818171239635,0.0,,1,0.0,0,0.0,0,0,0,1,1.0,0.0,44
0,1,227,8.606388899572138,0.0,,1,0.0,0,0.0,0,0,0,1,1.0,0.0,46
1,1,227,18.80072949119797,0.0,,1,0.0,0,0.0,0,0,0,1,1.0,0.0,9
2,1,227,4.353534242218154,0.0,,1,0.0,0,0.0,0,0,0,1,1.0,0.0,21
0,1,228,7.9435374531544225,0.0,,1,0.0,0,0.0,0,0,0,1,1.0,0.0,5
1,1,228,18.847625276105596,0.0,,1,0.0,0,0.0,0,0,0,1,1.0,0.0,33
2,1,228,4.3854618901991955,0.0,,1,0.0,0,0.0,0,0,0,1,1.0,0.0,29
0,1,229,7.981485273969315,0.0,,1,0.0,0,0.0,0,0,0,1,1.0,0.0,32
1,1,229,18.847625282630595,0.0,,1,0.0,0,0.0,0,0,0,1,1.0,0.0,25
2,1,229,3.586510322012114,0.0,,1,0.0,0,0.0,0,0,0,1,1.0,0.0,4
0,1,230,7.840457484153608,0.0,,1,0.0,0,0.0,0,0,0,1,1.0,0.0,12
1,1,230,18.989046644532408,0.0,,1,0.0,0,0.0,0,0,0,1,1.0,0.0,38
2,1,230,2.9756645906037122,0.0,,1,0.0,0,0.0,0,0,0,1,1.0,0.0,5
0,1,231,7.803259938084446,0.0,,1,0.0,0,0.0,0,0,0,1,1.0,0.0,18
1,1,231,18.98904665019691,0.0,,1,0.0,0,0.0,0,0,0,1,1.0,0.0,25
2,1,231,2.969858054424489,0.0,,1,0.0,0,0.0,0,0,0,1,1.0,0.0,16
0,1,232,7.8161334782379654,0.0,,1,0.0,0,0.0,0,0,0,1,1.0,0.0,27
1,1,232,18.769125254243505,0.0,,1,0.0,0,0.0,0,0,0,1,1.0,0.0,10
2,1,232,3.230135057217677,0.0,,1,0.0,0,0.0,0,0,0,1,1.0,0.0,40
0,1,233,8.348199918414002,0.0,,1,0.0,0,0.0,0,0,0,1,1.0,0.0,44
1,1,233,17.73778673631824,0.0,,1,0.0,0,0.0,0,0,0,1,1.0,0.0,3
2,1,233,3.4391109491002605,0.0,,1,0.0,0,0.0,0,0,0,1,1.0,0.0,39
0,1,234,8.006538061134636,0.0,,1,0.0,0,0.0,0,0,0,1,1.0,0.0,8
1,1,234,18.07978193971569,0.0,,1,0.0,0,0.0,0,0,0,1,1.0,0.0,42
2,1,234,5.443444887016952,0.0,,1,0.0,0,0.0,0,0,0,1,1.0,0.0,50
0,1,235,7.91596142002952,0.0,,1,0.0,0,0.0,0,0,0,1,1.0,0.0,14
1,1,235,17.90342554725146,0.0,,1,0.0,0,0.0,0,0,0,1,1.0,0.0,11
2,1,235,5.5607050749146385,0.0,,1,0.0,0,0.0,0,0,0,1,1.0,0.0,37
0,1,236,7.878734172965771,0.0,,1,0.0,0,0.0,0,0,0,1,1.0,0.0,18
1,1,236,17.56143038153002,0.0,,1,0.0,0,0.0,0,0,0,1,1.0,0.0,8
2,1,236,6.593413908177439,0.0,,1,0.0,0,0.0,0,0,0,1,1.0,0.0,47
0,1,237,7.052562628014275,0.0,,1,0.0,0,0.0,0,0,0,1,1.0,0.0,4
1,1,237,18.09325998509837,0.0,,1,0.0,0,0.0,0,0,0,1,1.0,0.0,44
2,1,237,6.685605028128387,0.0,,1,0.0,0,0.0,0,0,0,1,1.0,0.0,36
0,1,238,7.273178175027671,0.0,,1,0.0,0,0.0,0,0,0,1,1.0,0.0,40
1,1,238,18.00231841968223,0.0,,1,0.0,0,0.0,0,0,0,1,1.0,0.0,14
2,1,238,6.345366240288091,0.0,,1,0.0,0,0.0,0,0,0,1,1.0,0.0,8
0,1,239,7.364753137878481,0.0,,1,0.0,0,0.0,0,0,0,1,1.0,0.0,36
1,1,239,17.728070263995292,0.0,,1,0.0,0,0.0,0,0,0,1,1.0,0.0,9
2,1,239,6.359568133679545,0.0,,1,0.0,0,0.0,0,0,0,1,1.0,0.0,27
0,1,240,7.327804337463172,0.0,,1,0.0,0,0.0,0,0,0,1,1.0,0.0,18
1,1,240,15.72807041169711,0.0,,1,0.0,0,0.0,0,0,0,1,1.0,0.0,0
2,1,240,6.345773028668993,0.0,,1,0.0,0,0.0,0,0,0,1,1.0,0.0,22
0,1,241,8.155128745430208,0.0,,1,0.0,0,0.0,0,0,0,1,1.0,0.0,46
1,1,241,17.01417861934879,0.0,,1,0.0,0,0.0,0,0,0,1,1.0,0.0,48
2,1,241,6.405906521289136,0.0,,1,0.0,0,0.0,0,0,0,1,1.0,0.0,34
0,1,242,8.174802721597825,0.0,,1,0.0,0,0.0,0,0,0,1,1.0,0.0,29
1,1,242,16.99862786926528,0.0,,1,0.0,0,0.0,0,0,0,1,1.0,0.0,22
2,1,242,6.388196946676384,0.0,,1,0.0,0,0.0,0,0,0,1,1.0,0.0,21
0,1,243,8.15569758328611,0.0,,1,0.0,0,0.0,0,0,0,1,1.0,0.0,21
1,1,243,17.01109819149556,0.0,,1,0.0,0,0.0,0,0,0,1,1.0,0.0,27
2,1,243,6.343061625854179,0.0,,1,0.0,0,0.0,0,0,0,1,1.0,0.0,17
0,1,244,7.936133830522591,0.0,,1,0.0,0,0.0,0,0,0,1,1.0,0.0,10
1,1,244,16.96420245602115,0.0,,1,0.0,0,0.0,0,0,0,1,1.0,0.0,17
2,1,244,6.254044558001447,0.0,,1,0.0,0,0.0,0,0,0,1,1.0,0.0,14
0,1,245,8.077865567636263,0.0,,1,0.0,0,0.0,0,0,0,1,1.0,0.0,38
1,1,245,16.787846097966376,0.0,,1,0.0,0,0.0,0,0,0,1,1.0,0.0,11
2,1,245,5.5945630525253165,0.0,,1,0.0,0,0.0,0,0,0,1,1.0,0.0,5
0,1,246,8.048028828524732,0.0,,1,0.0,0,0.0,0,0,0,1,1.0,0.0,19
1,1,246,16.76845387567739,0.0,,1,0.0,0,0.0,0,0,0,1,1.0,0.0,21
2,1,246,5.25778827387932,0.0,,1,0.0,0,0.0,0,0,0,1,1.0,0.0,8
0,1,247,8.05834532859868,0.0,,1,0.0,0,0.0,0,0,0,1,1.0,0.0,26
1,1,247,15.941416886602143,0.0,,1,0.0,0,0.0,0,0,0,1,1.0,0.0,4
2,1,247,5.535986558363605,0.0,,1,0.0,0,0.0,0,0,0,1,1.0,0.0,41
0,1,248,8.14957580880161,0.0,,1,0.0,0,0.0,0,0,0,1,1.0,0.0,36
1,1,248,15.965599714827142,0.0,,1,0.0,0,0.0,0,0,0,1,1.0,0.0,30
2,1,248,5.4493533292687255,0.0,,1,0.0,0,0.0,0,0,0,1,1.0,0.0,14
0,1,249,9.753446965258602,0.0,,1,0.0,0,0.0,0,0,0,1,1.0,0.0,49
1,1,249,15.984992103538847,0.0,,1,0.0,0,0.0,0,0,0,1,1.0,0.0,29
2,1,249,5.672719160229852,0.0,,1,0.0,0,0.0,0,0,0,1,1.0,0.0,40
0,1,250,8.46754899993659,0.0,,1,0.0,0,0.0,0,0,0,1,1.0,0.0,2
1,1,250,15.558514657523528,0.0,,1,0.0,0,0.0,0,0,0,1,1.0,0.0,7
2,1,250,5.585536371939733,0.0,,1,0.0,0,0.0,0,0,0,1,1.0,0.0,14
0,1,251,8.394848406850906,0.0,,1,0.0,0,0.0,0,0,0,1,1.0,0.0,15
1,1,251,15.33859347255095,0.0,,1,0.0,0,0.0,0,0,0,1,1.0,0.0,10
2,1,251,5.573788874079328,0.0,,1,0.0,0,0.0,0,0,0,1,1.0,0.0,22
0,1,252,8.61495119997867,0.0,,1,0.0,0,0.0,0,0,0,1,1.0,0.0,40
1,1,252,14.307255546388193,0.0,,1,0.0,0,0.0,0,0,0,1,1.0,0.0,3
2,1,252,5.63584327558391,0.0,,1,0.0,0,0.0,0,0,0,1,1.0,0.0,34
0,1,253,8.501747624604528,0.0,,1,0.0,0,0.0,0,0,0,1,1.0,0.0,13
1,1,253,14.03300817524183,0.0,,1,0.0,0,0.0,0,0,0,1,1.0,0.0,9
2,1,253,5.752430091603412,0.0,,1,0.0,0,0.0,0,0,0,1,1.0,0.0,37
0,1,254,8.160038327571096,0.0,,1,0.0,0,0.0,0,0,0,1,1.0,0.0,8
1,1,254,14.091489288835445,0.0,,1,0.0,0,0.0,0,0,0,1,1.0,0.0,34
2,1,254,3.775619785096712,0.0,,1,0.0,0,0.0,0,0,0,1,1.0,0.0,0
0,1,255,9.763908879386161,0.0,,1,0.0,0,0.0,0,0,0,1,1.0,0.0,49
1,1,255,13.264453915522338,0.0,,1,0.0,0,0.0,0,0,0,1,1.0,0.0,4
2,1,255,4.612632139420302,0.0,,1,0.0,0,0.0,0,0,0,1,1.0,0.0,46
0,1,256,9.337519319862341,0.0,,1,0.0,0,0.0,0,0,0,1,1.0,0.0,7
1,1,256,13.283847891758072,0.0,,1,0.0,0,0.0,0,0,0,1,1.0,0.0,29
2,1,256,4.961653296125962,0.0,,1,0.0,0,0.0,0,0,0,1,1.0,0.0,42
0,1,257,9.313426817079067,0.0,,1,0.0,0,0.0,0,0,0,1,1.0,0.0,20
1,1,257,13.271379333582473,0.0,,1,0.0,0,0.0,0,0,0,1,1.0,0.0,23
2,1,257,4.998580205641397,0.0,,1,0.0,0,0.0,0,0,0,1,1.0,0.0,31
0,1,258,11.313439024910139,0.0,,1,0.0,0,0.0,0,0,0,1,1.0,0.0,50
1,1,258,13.308987024026631,0.0,,1,0.0,0,0.0,0,0,0,1,1.0,0.0,32
2,1,258,3.7365957955931597,0.0,,1,0.0,0,0.0,0,0,0,1,1.0,0.0,2
0,1,259,11.360346451705569,0.0,,1,0.0,0,0.0,0,0,0,1,1.0,0.0,33
1,1,259,13.167567579395719,0.0,,1,0.0,0,0.0,0,0,0,1,1.0,0.0,12
2,1,259,3.58827471575151,0.0,,1,0.0,0,0.0,0,0,0,1,1.0,0.0,11
0,1,260,11.140439562179825,0.0,,1,0.0,0,0.0,0,0,0,1,1.0,0.0,10
1,1,260,13.38749051662498,0.0,,1,0.0,0,0.0,0,0,0,1,1.0,0.0,40
2,1,260,3.6521580898167048,0.0,,1,0.0,0,0.0,0,0,0,1,1.0,0.0,32
0,1,261,11.150453931046238,0.0,,1,0.0,0,0.0,0,0,0,1,1.0,0.0,26
1,1,261,14.991303885898608,0.0,,1,0.0,0,0.0,0,0,0,1,1.0,0.0,49
2,1,261,3.6411248395500637,0.0,,1,0.0,0,0.0,0,0,0,1,1.0,0.0,18
0,1,262,11.126285939661038,0.0,,1,0.0,0,0.0,0,0,0,1,1.0,0.0,20
1,1,262,14.975753407768984,0.0,,1,0.0,0,0.0,0,0,0,1,1.0,0.0,22
2,1,262,4.188243626406901,0.0,,1,0.0,0,0.0,0,0,0,1,1.0,0.0,44
0,1,263,11.067821191547784,0.0,,1,0.0,0,0.0,0,0,0,1,1.0,0.0,16
1,1,263,15.034234058140553,0.0,,1,0.0,0,0.0,0,0,0,1,1.0,0.0,34
2,1,263,4.203302579843544,0.0,,1,0.0,0,0.0,0,0,0,1,1.0,0.0,25
0,1,264,10.036526426337547,0.0,,1,0.0,0,0.0,0,0,0,1,1.0,0.0,3
1,1,264,14.943292801280213,0.0,,1,0.0,0,0.0,0,0,0,1,1.0,0.0,14
2,1,264,4.264359025794327,0.0,,1,0.0,0,0.0,0,0,0,1,1.0,0.0,33
0,1,265,9.816659560266062,0.0,,1,0.0,0,0.0,0,0,0,1,1.0,0.0,10
1,1,265,14.766936778231722,0.0,,1,0.0,0,0.0,0,0,0,1,1.0,0.0,11
2,1,265,2.728120537959857,0.0,,1,0.0,0,0.0,0,0,0,1,1.0,0.0,1
0,1,266,9.993061686573494,0.0,,1,0.0,0,0.0,0,0,0,1,1.0,0.0,39
1,1,266,16.766936830496835,0.0,,1,0.0,0,0.0,0,0,0,1,1.0,0.0,50
2,1,266,2.7768263936136024,0.0,,1,0.0,0,0.0,0,0,0,1,1.0,0.0,22
0,1,267,9.993107401552566,0.0,,1,0.0,0,0.0,0,0,0,1,1.0,0.0,25
1,1,267,15.48082885279216,0.0,,1,0.0,0,0.0,0,0,0,1,1.0,0.0,2
2,1,267,2.905999724484862,0.0,,1,0.0,0,0.0,0,0,0,1,1.0,0.0,35
0,1,268,7.993445127340786,0.0,,1,0.0,0,0.0,0,0,0,1,1.0,0.0,0
1,1,268,15.527724811640557,0.0,,1,0.0,0,0.0,0,0,0,1,1.0,0.0,33
2,1,268,2.8256759677638503,0.0,,1,0.0,0,0.0,0,0,0,1,1.0,0.0,12
0,1,269,7.7196410702179135,0.0,,1,0.0,0,0.0,0,0,0,1,1.0,0.0,9
1,1,269,15.50354228477242,0.0,,1,0.0,0,0.0,0,0,0,1,1.0,0.0,20
2,1,269,2.5638178372698293,0.0,,1,0.0,0,0.0,0,0,0,1,1.0,0.0,8
0,1,270,7.861447816309475,0.0,,1,0.0,0,0.0,0,0,0,1,1.0,0.0,38
1,1,270,15.550438239568022,0.0,,1,0.0,0,0.0,0,0,0,1,1.0,0.0,33
2,1,270,2.626433244787899,0.0,,1,0.0,0,0.0,0,0,0,1,1.0,0.0,23
0,1,271,7.934732615515364,0.0,,1,0.0,0,0.0,0,0,0,1,1.0,0.0,35
1,1,271,15.123960888797326,0.0,,1,0.0,0,0.0,0,0,0,1,1.0,0.0,7
2,1,271,2.5650465013278865,0.0,,1,0.0,0,0.0,0,0,0,1,1.0,0.0,12
0,1,272,7.945087077359151,0.0,,1,0.0,0,0.0,0,0,0,1,1.0,0.0,26
1,1,272,15.265382479634996,0.0,,1,0.0,0,0.0,0,0,0,1,1.0,0.0,38
2,1,272,2.6507323005901546,0.0,,1,0.0,0,0.0,0,0,0,1,1.0,0.0,27
0,1,273,7.282568273489239,0.0,,1,0.0,0,0.0,0,0,0,1,1.0,0.0,5
1,1,273,15.245990444354263,0.0,,1,0.0,0,0.0,0,0,0,1,1.0,0.0,21
2,1,273,1.8000628792989481,19.0,,1,15.201195,34.20119470668001,19.993712070105175,0,0,0,1,1.0,15.201195,3
0,1,274,7.293248619897237,0.0,,1,0.0,0,0.0,0,0,0,1,1.0,0.0,26
1,1,274,16.532098677289305,0.0,,1,0.0,0,0.0,0,0,0,1,1.0,0.0,48
2,1,274,2.888660579649686,0.0,,1,0.0,0,0.0,0,0,0,1,1.0,0.0,47
0,1,275,7.269762428049787,0.0,,1,0.0,0,0.0,0,0,0,1,1.0,0.0,20
1,1,275,15.868892347522044,0.0,,1,0.0,0,0.0,0,0,0,1,1.0,0.0,5
2,1,275,2.835721915407588,0.0,,1,0.0,0,0.0,0,0,0,1,1.0,0.0,13
0,1,276,6.996429814744475,0.0,,1,0.0,0,0.0,0,0,0,1,1.0,0.0,9
1,1,276,16.53209887168948,0.0,,1,0.0,0,0.0,0,0,0,1,1.0,0.0,45
2,1,276,2.961762129624678,0.0,,1,0.0,0,0.0,0,0,0,1,1.0,0.0,35
0,1,277,6.984885731322494,0.0,,1,0.0,0,0.0,0,0,0,1,1.0,0.0,23
1,1,277,16.257850782970394,0.0,,1,0.0,0,0.0,0,0,0,1,1.0,0.0,9
2,1,277,3.0408907468016686,0.0,,1,0.0,0,0.0,0,0,0,1,1.0,0.0,31
0,1,278,6.97582036762477,0.0,,1,0.0,0,0.0,0,0,0,1,1.0,0.0,24
1,1,278,15.430813873400739,0.0,,1,0.0,0,0.0,0,0,0,1,1.0,0.0,4
2,1,278,3.0588150908942873,0.0,,1,0.0,0,0.0,0,0,0,1,1.0,0.0,19
0,1,279,6.445579563613222,0.0,,1,0.0,0,0.0,0,0,0,1,1.0,0.0,6
1,1,279,17.4308139003095,0.0,,1,0.0,0,0.0,0,0,0,1,1.0,0.0,50
2,1,279,1.6647765246289923,33.0,,1,21.937626,54.937625312756744,33.522347537100785,0,0,0,1,1.0,21.937626,1
0,1,280,6.588378138055193,0.0,,1,0.0,0,0.0,0,0,0,1,1.0,0.0,38
1,1,280,17.705062096440223,0.0,,1,0.0,0,0.0,0,0,0,1,1.0,0.0,41
2,1,280,1.6128265356183205,38.0,,1,23.287407,61.287408353496176,38.717346438167965,0,0,0,1,1.0,23.287407,9
0,1,281,6.552200098880647,0.0,,1,0.0,0,0.0,0,0,0,1,1.0,0.0,18
1,1,281,17.70506211689474,0.0,,1,0.0,0,0.0,0,0,0,1,1.0,0.0,25
2,1,281,1.802929066489292,19.0,,1,15.255653,34.25565226329655,19.707093351070796,0,0,0,1,1.0,15.255653,26
0,1,282,6.5235131573554295,0.0,,1,0.0,0,0.0,0,0,0,1,1.0,0.0,19
1,1,282,17.729244848611764,0.0,,1,0.0,0,0.0,0,0,0,1,1.0,0.0,30
2,1,282,2.1470818901263655,0.0,,1,0.0,0,0.0,0,0,0,1,1.0,0.0,40
0,1,283,7.351192298469392,0.0,,1,0.0,0,0.0,0,0,0,1,1.0,0.0,46
1,1,283,16.125431887181332,0.0,,1,0.0,0,0.0,0,0,0,1,1.0,0.0,1
2,1,283,1.2135655105394212,78.0,,1,16.658112,94.65810982207485,78.64344894605789,0,0,0,1,1.0,16.658112,2
0,1,284,7.410277838899489,0.0,,1,0.0,0,0.0,0,0,0,1,1.0,0.0,34
1,1,284,17.15677046029492,0.0,,1,0.0,0,0.0,0,0,0,1,1.0,0.0,47
2,1,284,2.578588169640474,0.0,,1,0.0,0,0.0,0,0,0,1,1.0,0.0,48
0,1,285,6.126356587228687,0.0,,1,0.0,0,0.0,0,0,0,1,1.0,0.0,2
1,1,285,16.493564070924105,0.0,,1,0.0,0,0.0,0,0,0,1,1.0,0.0,5
2,1,285,2.6372820415088474,0.0,,1,0.0,0,0.0,0,0,0,1,1.0,0.0,22
0,1,286,6.954348626888598,0.0,,1,0.0,0,0.0,0,0,0,1,1.0,0.0,46
1,1,286,16.478013349157752,0.0,,1,0.0,0,0.0,0,0,0,1,1.0,0.0,22
2,1,286,3.6938122253000576,0.0,,1,0.0,0,0.0,0,0,0,1,1.0,0.0,47
0,1,287,7.013728834832225,0.0,,1,0.0,0,0.0,0,0,0,1,1.0,0.0,34
1,1,287,16.497405692065964,0.0,,1,0.0,0,0.0,0,0,0,1,1.0,0.0,29
2,1,287,3.7305542380833057,0.0,,1,0.0,0,0.0,0,0,0,1,1.0,0.0,27
0,1,288,7.105491338718754,0.0,,1,0.0,0,0.0,0,0,0,1,1.0,0.0,36
1,1,288,17.02923532196704,0.0,,1,0.0,0,0.0,0,0,0,1,1.0,0.0,44
2,1,288,3.744486112780317,0.0,,1,0.0,0,0.0,0,0,0,1,1.0,0.0,24
0,1,289,6.280328770948471,0.0,,1,0.0,0,0.0,0,0,0,1,1.0,0.0,4
1,1,289,17.029235362173612,0.0,,1,0.0,0,0.0,0,0,0,1,1.0,0.0,25
2,1,289,3.7580907604236007,0.0,,1,0.0,0,0.0,0,0,0,1,1.0,0.0,24
0,1,290,6.2628441325378965,0.0,,1,0.0,0,0.0,0,0,0,1,1.0,0.0,21
1,1,290,17.303483568412577,0.0,,1,0.0,0,0.0,0,0,0,1,1.0,0.0,41
2,1,290,3.7444182479692585,0.0,,1,0.0,0,0.0,0,0,0,1,1.0,0.0,18
0,1,291,6.484293941672617,0.0,,1,0.0,0,0.0,0,0,0,1,1.0,0.0,40
1,1,291,17.31903439004347,0.0,,1,0.0,0,0.0,0,0,0,1,1.0,0.0,28
2,1,291,3.7914228837835053,0.0,,1,0.0,0,0.0,0,0,0,1,1.0,0.0,30
0,1,292,5.660742833245691,0.0,,1,0.0,0,0.0,0,0,0,1,1.0,0.0,4
1,1,292,18.605142565194132,0.0,,1,0.0,0,0.0,0,0,0,1,1.0,0.0,48
2,1,292,3.832703972699764,0.0,,1,0.0,0,0.0,0,0,0,1,1.0,0.0,29
0,1,293,6.693321299668972,0.0,,1,0.0,0,0.0,0,0,0,1,1.0,0.0,47
1,1,293,18.617612854694414,0.0,,1,0.0,0,0.0,0,0,0,1,1.0,0.0,27
2,1,293,2.3311295389378768,0.0,,1,0.0,0,0.0,0,0,0,1,1.0,0.0,1
0,1,294,6.420701963210604,0.0,,1,0.0,0,0.0,0,0,0,1,1.0,0.0,9
1,1,294,17.013799834826912,0.0,,1,0.0,0,0.0,0,0,0,1,1.0,0.0,1
2,1,294,1.121521050542441,87.0,,1,10.572334,97.57233139719236,87.84789494575591,0,0,0,1,1.0,10.572334,1
0,1,295,5.891638642436709,0.0,,1,0.0,0,0.0,0,0,0,1,1.0,0.0,6
1,1,295,17.02935066656858,0.0,,1,0.0,0,0.0,0,0,0,1,1.0,0.0,28
2,1,295,1.3959915210259437,60.0,,1,23.759491,83.75949126155662,60.40084789740564,0,0,0,1,1.0,23.759491,24
0,1,296,5.3644998376068616,0.0,,1,0.0,0,0.0,0,0,0,1,1.0,0.0,6
1,1,296,16.20231365009164,0.0,,1,0.0,0,0.0,0,0,0,1,1.0,0.0,4
2,1,296,1.527348595999666,47.0,,1,24.785385,71.7853840119843,47.2651404000334,0,0,0,1,1.0,24.785385,13
0,1,297,5.278670507952651,0.0,,1,0.0,0,0.0,0,0,0,1,1.0,0.0,14
1,1,297,16.31572044125703,0.0,,1,0.0,0,0.0,0,0,0,1,1.0,0.0,37
2,1,297,1.5043398691495586,49.0,,1,24.712654,73.71265358832838,49.56601308504415,0,0,0,1,1.0,24.712654,9
0,1,298,4.625312978929859,0.0,,1,0.0,0,0.0,0,0,0,1,1.0,0.0,5
1,1,298,16.13936412991424,0.0,,1,0.0,0,0.0,0,0,0,1,1.0,0.0,11
2,1,298,1.434470389961318,56.0,,1,24.330345,80.33034183783381,56.552961003868205,0,0,0,1,1.0,24.330345,8
0,1,299,4.622717350848866,0.0,,1,0.0,0,0.0,0,0,0,1,1.0,0.0,23
1,1,299,16.15183450788446,0.0,,1,0.0,0,0.0,0,0,0,1,1.0,0.0,27
2,1,299,0.6120561877172848,138.0,,1,-53.536247,84.4637539049853,138.79438122827153,0,0,0,1,1.0,-53.536247,1
0,1,300,4.647896082543194,0.0,,1,0.0,0,0.0,0,0,0,1,1.0,0.0,28
1,1,300,15.120496241339668,0.0,,1,0.0,0,0.0,0,0,0,1,1.0,0.0,3
2,1,300,1.2798795658087583,72.0,,1,20.151329,92.1513287382306,72.01204341912417,0,0,0,1,1.0,20.151329,42
0,1,301,3.6430777872860385,0.0,,1,0.0,0,0.0,0,0,0,1,1.0,0.0,3
1,1,301,14.778501433753814,0.0,,1,0.0,0,0.0,0,0,0,1,1.0,0.0,8
2,1,301,1.615035348943606,38.0,,1,23.371342,61.37134325985703,38.4964651056394,0,0,0,1,1.0,23.371342,37
0,1,302,2.4474561727816373,0.0,,1,0.0,0,0.0,0,0,0,1,1.0,0.0,2
1,1,302,14.705575197010937,0.0,,1,0.0,0,0.0,0,0,0,1,1.0,0.0,15
2,1,302,2.257377086038789,0.0,,1,0.0,0,0.0,0,0,0,1,1.0,0.0,44
0,1,303,2.5650929465585657,0.0,,1,0.0,0,0.0,0,0,0,1,1.0,0.0,32
1,1,303,14.690024822535845,0.0,,1,0.0,0,0.0,0,0,0,1,1.0,0.0,22
2,1,303,1.8894296961375006,11.0,,1,9.783726,20.783726657512506,11.057030386249949,0,0,0,1,1.0,9.783726,6
0,1,304,1.5245312709724634,27.0,,1,14.162346,41.162344316256515,47.54687290275365,0,0,0,1,1.0,14.162346,2
1,1,304,14.677554963545967,0.0,,1,0.0,0,0.0,0,0,0,1,1.0,0.0,23
2,1,304,1.6712269996255045,20.0,,1,13.424541,33.42453999251009,32.877300037449544,0,0,0,1,1.0,13.424541,7
0,1,305,1.8390740889762216,9.0,,1,7.5516663,16.551666800785995,16.09259110237784,0,0,0,1,1.0,7.5516663,38
1,1,305,14.586613845437736,0.0,,1,0.0,0,0.0,0,0,0,1,1.0,0.0,14
2,1,305,1.8119524107083647,9.0,,1,7.3075714,16.30757169637528,18.80475892916354,0,0,0,1,1.0,7.3075714,18
0,1,306,1.9866010618491126,2.0,,1,1.9732022,3.973202123698225,1.3398938150887432,0,0,0,1,1.0,1.9732022,25
1,1,306,13.92340828508999,0.0,,1,0.0,0,0.0,0,0,0,1,1.0,0.0,5
2,1,306,1.9008822334537336,7.0,,1,6.306175,13.306175634176135,9.911776654626635,0,0,0,1,1.0,6.306175,15
0,1,307,2.0821413333420584,0.0,,1,0.0,0,0.0,0,0,0,1,1.0,0.0,18
1,1,307,11.923414918367026,0.0,,1,0.0,0,0.0,0,0,0,1,1.0,0.0,0
2,1,307,2.0293140344994276,0.0,,1,0.0,0,0.0,0,0,0,1,1.0,0.0,23
0,1,308,2.2331313664606496,0.0,,1,0.0,0,0.0,0,0,0,1,1.0,0.0,32
1,1,308,12.265414819634739,0.0,,1,0.0,0,0.0,0,0,0,1,1.0,0.0,42
2,1,308,2.163822202681492,0.0,,1,0.0,0,0.0,0,0,0,1,1.0,0.0,27
0,1,309,3.3019749045017632,0.0,,1,0.0,0,0.0,0,0,0,1,1.0,0.0,47
1,1,309,12.485340004341458,0.0,,1,0.0,0,0.0,0,0,0,1,1.0,0.0,40
2,1,309,2.2865330771886314,0.0,,1,0.0,0,0.0,0,0,0,1,1.0,0.0,28
0,1,310,3.425974506741639,0.0,,1,0.0,0,0.0,0,0,0,1,1.0,0.0,36
1,1,310,12.343923004258906,0.0,,1,0.0,0,0.0,0,0,0,1,1.0,0.0,12
2,1,310,2.410725739948462,0.0,,1,0.0,0,0.0,0,0,0,1,1.0,0.0,31
0,1,311,2.481919360767643,0.0,,1,0.0,0,0.0,0,0,0,1,1.0,0.0,3
1,1,311,12.069680559255058,0.0,,1,0.0,0,0.0,0,0,0,1,1.0,0.0,9
2,1,311,2.367686268921224,0.0,,1,0.0,0,0.0,0,0,0,1,1.0,0.0,12
0,1,312,3.0616884983451214,0.0,,1,0.0,0,0.0,0,0,0,1,1.0,0.0,44
1,1,312,12.054135588167082,0.0,,1,0.0,0,0.0,0,0,0,1,1.0,0.0,22
2,1,312,4.380287090085794,0.0,,1,0.0,0,0.0,0,0,0,1,1.0,0.0,50
0,1,313,3.037885044087805,0.0,,1,0.0,0,0.0,0,0,0,1,1.0,0.0,15
1,1,313,12.066611617741422,0.0,,1,0.0,0,0.0,0,0,0,1,1.0,0.0,27
2,1,313,5.986615463682273,0.0,,1,0.0,0,0.0,0,0,0,1,1.0,0.0,49
0,1,314,3.193198095491128,0.0,,1,0.0,0,0.0,0,0,0,1,1.0,0.0,37
1,1,314,12.493092991240005,0.0,,1,0.0,0,0.0,0,0,0,1,1.0,0.0,43
2,1,314,7.27341760828062,0.0,,1,0.0,0,0.0,0,0,0,1,1.0,0.0,48
0,1,315,3.262403439595512,0.0,,1,0.0,0,0.0,0,0,0,1,1.0,0.0,31
1,1,315,12.58403799812794,0.0,,1,0.0,0,0.0,0,0,0,1,1.0,0.0,36
2,1,315,7.29349006486123,0.0,,1,0.0,0,0.0,0,0,0,1,1.0,0.0,29
0,1,316,3.2709566505527174,0.0,,1,0.0,0,0.0,0,0,0,1,1.0,0.0,19
1,1,316,13.87014711179274,0.0,,1,0.0,0,0.0,0,0,0,1,1.0,0.0,48
2,1,316,6.468006479780113,0.0,,1,0.0,0,0.0,0,0,0,1,1.0,0.0,4
0,1,317,3.272018466951936,0.0,,1,0.0,0,0.0,0,0,0,1,1.0,0.0,18
1,1,317,13.894330747750477,0.0,,1,0.0,0,0.0,0,0,0,1,1.0,0.0,30
2,1,317,6.499668071923979,0.0,,1,0.0,0,0.0,0,0,0,1,1.0,0.0,31
0,1,318,3.0464635011083967,0.0,,1,0.0,0,0.0,0,0,0,1,1.0,0.0,9
1,1,318,13.362502731093713,0.0,,1,0.0,0,0.0,0,0,0,1,1.0,0.0,6
2,1,318,6.442780959002178,0.0,,1,0.0,0,0.0,0,0,0,1,1.0,0.0,16
0,1,319,2.9252511746113004,0.0,,1,0.0,0,0.0,0,0,0,1,1.0,0.0,11
1,1,319,12.69929932629497,0.0,,1,0.0,0,0.0,0,0,0,1,1.0,0.0,5
2,1,319,6.406826544445414,0.0,,1,0.0,0,0.0,0,0,0,1,1.0,0.0,18
0,1,320,2.922094180483115,0.0,,1,0.0,0,0.0,0,0,0,1,1.0,0.0,16
1,1,320,12.669145951248408,0.0,,1,0.0,0,0.0,0,0,0,1,1.0,0.0,19
2,1,320,7.070882846343182,0.0,,1,0.0,0,0.0,0,0,0,1,1.0,0.0,45
0,1,321,2.8672243295027955,0.0,,1,0.0,0,0.0,0,0,0,1,1.0,0.0,13
1,1,321,12.62225347067619,0.0,,1,0.0,0,0.0,0,0,0,1,1.0,0.0,17
2,1,321,7.071731968552082,0.0,,1,0.0,0,0.0,0,0,0,1,1.0,0.0,25
0,1,322,2.9916591086297153,0.0,,1,0.0,0,0.0,0,0,0,1,1.0,0.0,35
1,1,322,12.348009633389038,0.0,,1,0.0,0,0.0,0,0,0,1,1.0,0.0,9
2,1,322,5.7886904884600625,0.0,,1,0.0,0,0.0,0,0,0,1,1.0,0.0,2
0,1,323,3.3033594107008226,0.0,,1,0.0,0,0.0,0,0,0,1,1.0,0.0,41
1,1,323,12.335543744910764,0.0,,1,0.0,0,0.0,0,0,0,1,1.0,0.0,23
2,1,323,5.772415298510362,0.0,,1,0.0,0,0.0,0,0,0,1,1.0,0.0,21
0,1,324,3.6711316476758133,0.0,,1,0.0,0,0.0,0,0,0,1,1.0,0.0,42
1,1,324,12.311365533474005,0.0,,1,0.0,0,0.0,0,0,0,1,1.0,0.0,20
2,1,324,5.556364170722794,0.0,,1,0.0,0,0.0,0,0,0,1,1.0,0.0,10
0,1,325,3.6773544478022706,0.0,,1,0.0,0,0.0,0,0,0,1,1.0,0.0,21
1,1,325,12.321369988989638,0.0,,1,0.0,0,0.0,0,0,0,1,1.0,0.0,26
2,1,325,5.570181236355136,0.0,,1,0.0,0,0.0,0,0,0,1,1.0,0.0,26
0,1,326,1.8486720921013422,15.0,,1,12.730082,27.730081381520133,15.132790789865794,0,0,0,1,1.0,12.730082,0
1,1,326,12.262894358049007,0.0,,1,0.0,0,0.0,0,0,0,1,1.0,0.0,16
2,1,326,5.573983787383078,0.0,,1,0.0,0,0.0,0,0,0,1,1.0,0.0,25
0,1,327,1.4521312856510553,54.0,,1,24.415092,78.41508942515699,54.786871434894465,0,0,0,1,1.0,24.415092,5
1,1,327,12.252899129325197,0.0,,1,0.0,0,0.0,0,0,0,1,1.0,0.0,24
2,1,327,5.565349096461842,0.0,,1,0.0,0,0.0,0,0,0,1,1.0,0.0,23
0,1,328,1.5494343234617807,45.0,,1,24.724548,69.72454455578013,45.05656765382193,0,0,0,1,1.0,24.724548,12
1,1,328,13.284239368141238,0.0,,1,0.0,0,0.0,0,0,0,1,1.0,0.0,47
2,1,328,5.559208358297962,0.0,,1,0.0,0,0.0,0,0,0,1,1.0,0.0,24
0,1,329,1.7172019174904745,28.0,,1,20.081654,48.08165368973329,28.279808250952556,0,0,0,1,1.0,20.081654,19
1,1,329,12.752412673777426,0.0,,1,0.0,0,0.0,0,0,0,1,1.0,0.0,6
2,1,329,3.5872722057749513,0.0,,1,0.0,0,0.0,0,0,0,1,1.0,0.0,0
0,1,330,2.2545254326101007,0.0,,1,0.0,0,0.0,0,0,0,1,1.0,0.0,43
1,1,330,12.865821967782955,0.0,,1,0.0,0,0.0,0,0,0,1,1.0,0.0,37
2,1,330,4.135230143501693,0.0,,1,0.0,0,0.0,0,0,0,1,1.0,0.0,44
0,1,331,2.1960935299431648,0.0,,1,0.0,0,0.0,0,0,0,1,1.0,0.0,11
1,1,331,12.890007202675333,0.0,,1,0.0,0,0.0,0,0,0,1,1.0,0.0,30
2,1,331,6.137393029623884,0.0,,1,0.0,0,0.0,0,0,0,1,1.0,0.0,50
0,1,332,2.1443327573981104,0.0,,1,0.0,0,0.0,0,0,0,1,1.0,0.0,11
1,1,332,12.852403791570923,0.0,,1,0.0,0,0.0,0,0,0,1,1.0,0.0,18
2,1,332,5.998457339097274,0.0,,1,0.0,0,0.0,0,0,0,1,1.0,0.0,12
0,1,333,2.5038847547184044,0.0,,1,0.0,0,0.0,0,0,0,1,1.0,0.0,41
1,1,333,14.456217379190415,0.0,,1,0.0,0,0.0,0,0,0,1,1.0,0.0,49
2,1,333,5.970856134937743,0.0,,1,0.0,0,0.0,0,0,0,1,1.0,0.0,19
0,1,334,2.1023555693359945,0.0,,1,0.0,0,0.0,0,0,0,1,1.0,0.0,6
1,1,334,14.27986159849508,0.0,,1,0.0,0,0.0,0,0,0,1,1.0,0.0,11
2,1,334,5.832370204233506,0.0,,1,0.0,0,0.0,0,0,0,1,1.0,0.0,12
0,1,335,2.2003556365307686,0.0,,1,0.0,0,0.0,0,0,0,1,1.0,0.0,21
1,1,335,13.937867293992792,0.0,,1,0.0,0,0.0,0,0,0,1,1.0,0.0,8
2,1,335,5.174836947633008,0.0,,1,0.0,0,0.0,0,0,0,1,1.0,0.0,5
0,1,336,2.283658660729075,0.0,,1,0.0,0,0.0,0,0,0,1,1.0,0.0,20
1,1,336,14.157789407154452,0.0,,1,0.0,0,0.0,0,0,0,1,1.0,0.0,40
2,1,336,5.156433117721903,0.0,,1,0.0,0,0.0,0,0,0,1,1.0,0.0,20
0,1,337,1.9117826435231764,8.0,,1,7.294261,15.294261148185411,8.821735647682374,0,0,0,1,1.0,7.294261,6
1,1,337,13.815795217534992,0.0,,1,0.0,0,0.0,0,0,0,1,1.0,0.0,8
2,1,337,5.174578073487547,0.0,,1,0.0,0,0.0,0,0,0,1,1.0,0.0,27
0,1,338,2.9944804067884285,0.0,,1,0.0,0,0.0,0,0,0,1,1.0,0.0,47
1,1,338,14.242273491162699,0.0,,1,0.0,0,0.0,0,0,0,1,1.0,0.0,43
2,1,338,5.170277275976765,0.0,,1,0.0,0,0.0,0,0,0,1,1.0,0.0,24
0,1,339,3.178444399631222,0.0,,1,0.0,0,0.0,0,0,0,1,1.0,0.0,38
1,1,339,14.774103464289304,0.0,,1,0.0,0,0.0,0,0,0,1,1.0,0.0,44
2,1,339,5.351386534216671,0.0,,1,0.0,0,0.0,0,0,0,1,1.0,0.0,39
0,1,340,3.2482187815233585,0.0,,1,0.0,0,0.0,0,0,0,1,1.0,0.0,31
1,1,340,14.764103851574816,0.0,,1,0.0,0,0.0,0,0,0,1,1.0,0.0,24
2,1,340,6.180495189643414,0.0,,1,0.0,0,0.0,0,0,0,1,1.0,0.0,46
0,1,341,3.309615641163194,0.0,,1,0.0,0,0.0,0,0,0,1,1.0,0.0,30
1,1,341,14.79426074913934,0.0,,1,0.0,0,0.0,0,0,0,1,1.0,0.0,31
2,1,341,6.006604252994539,0.0,,1,0.0,0,0.0,0,0,0,1,1.0,0.0,11
0,1,342,1.8726945085266642,12.0,,1,10.472334,22.47233410231997,12.73054914733359,0,0,0,1,1.0,10.472334,1
1,1,342,15.220738615459721,0.0,,1,0.0,0,0.0,0,0,0,1,1.0,0.0,43
2,1,342,5.8680153856809065,0.0,,1,0.0,0,0.0,0,0,0,1,1.0,0.0,12
0,1,343,1.657659751655164,34.0,,1,22.360432,56.36043155627558,34.23402483448359,0,0,0,1,1.0,22.360432,7
1,1,343,15.129797303514787,0.0,,1,0.0,0,0.0,0,0,0,1,1.0,0.0,14
2,1,343,5.729846888694352,0.0,,1,0.0,0,0.0,0,0,0,1,1.0,0.0,12
0,1,344,1.8484172916091421,15.0,,1,12.726259,27.726259374137133,15.158270839085787,0,0,0,1,1.0,12.726259,29
1,1,344,15.471792683697352,0.0,,1,0.0,0,0.0,0,0,0,1,1.0,0.0,42
2,1,344,5.459861930701209,0.0,,1,0.0,0,0.0,0,0,0,1,1.0,0.0,9
0,1,345,1.9319817093548428,6.0,,1,5.5918903,11.591890256129057,6.801829064515715,0,0,0,1,1.0,5.5918903,15
1,1,345,15.29543650211352,0.0,,1,0.0,0,0.0,0,0,0,1,1.0,0.0,11
2,1,345,5.373568688661904,0.0,,1,0.0,0,0.0,0,0,0,1,1.0,0.0,14
0,1,346,2.5454926196597967,0.0,,1,0.0,0,0.0,0,0,0,1,1.0,0.0,44
1,1,346,15.353917071600787,0.0,,1,0.0,0,0.0,0,0,0,1,1.0,0.0,34
2,1,346,5.424879795979218,0.0,,1,0.0,0,0.0,0,0,0,1,1.0,0.0,33
0,1,347,2.6030338576603347,0.0,,1,0.0,0,0.0,0,0,0,1,1.0,0.0,21
1,1,347,15.530273660845566,0.0,,1,0.0,0,0.0,0,0,0,1,1.0,0.0,39
2,1,347,3.842734702342624,0.0,,1,0.0,0,0.0,0,0,0,1,1.0,0.0,1
0,1,348,4.613005362664606,0.0,,1,0.0,0,0.0,0,0,0,1,1.0,0.0,50
1,1,348,16.81638187742442,0.0,,1,0.0,0,0.0,0,0,0,1,1.0,0.0,48
2,1,348,3.8067257653945865,0.0,,1,0.0,0,0.0,0,0,0,1,1.0,0.0,16
0,1,349,3.968874379539624,0.0,,1,0.0,0,0.0,0,0,0,1,1.0,0.0,5
1,1,349,16.87486227910678,0.0,,1,0.0,0,0.0,0,0,0,1,1.0,0.0,34
2,1,349,5.8097285130782845,0.0,,1,0.0,0,0.0,0,0,0,1,1.0,0.0,50
0,1,350,4.511743982305013,0.0,,1,0.0,0,0.0,0,0,0,1,1.0,0.0,44
1,1,350,16.96580390255719,0.0,,1,0.0,0,0.0,0,0,0,1,1.0,0.0,36
2,1,350,5.828226935617886,0.0,,1,0.0,0,0.0,0,0,0,1,1.0,0.0,28
0,1,351,4.541847123513873,0.0,,1,0.0,0,0.0,0,0,0,1,1.0,0.0,29
1,1,351,16.69155578323819,0.0,,1,0.0,0,0.0,0,0,0,1,1.0,0.0,9
2,1,351,5.81183109248543,0.0,,1,0.0,0,0.0,0,0,0,1,1.0,0.0,21
0,1,352,4.567832601418145,0.0,,1,0.0,0,0.0,0,0,0,1,1.0,0.0,28
1,1,352,16.965804001753952,0.0,,1,0.0,0,0.0,0,0,0,1,1.0,0.0,41
2,1,352,5.7907088744901385,0.0,,1,0.0,0,0.0,0,0,0,1,1.0,0.0,20
0,1,353,4.465985811353628,0.0,,1,0.0,0,0.0,0,0,0,1,1.0,0.0,13
1,1,353,16.138766991308014,0.0,,1,0.0,0,0.0,0,0,0,1,1.0,0.0,4
2,1,353,4.767904818796008,0.0,,1,0.0,0,0.0,0,0,0,1,1.0,0.0,3
0,1,354,4.447604922555226,0.0,,1,0.0,0,0.0,0,0,0,1,1.0,0.0,19
1,1,354,16.108610570477047,0.0,,1,0.0,0,0.0,0,0,0,1,1.0,0.0,19
2,1,354,4.791787836464582,0.0,,1,0.0,0,0.0,0,0,0,1,1.0,0.0,28
0,1,355,4.2421643049974636,0.0,,1,0.0,0,0.0,0,0,0,1,1.0,0.0,10
1,1,355,17.394718765209973,0.0,,1,0.0,0,0.0,0,0,0,1,1.0,0.0,48
2,1,355,4.72774693073312,0.0,,1,0.0,0,0.0,0,0,0,1,1.0,0.0,15
0,1,356,4.184583352368021,0.0,,1,0.0,0,0.0,0,0,0,1,1.0,0.0,15
1,1,356,16.968241186936,0.0,,1,0.0,0,0.0,0,0,0,1,1.0,0.0,7
2,1,356,6.016296759926846,0.0,,1,0.0,0,0.0,0,0,0,1,1.0,0.0,48
0,1,357,2.6537564605056287,0.0,,1,0.0,0,0.0,0,0,0,1,1.0,0.0,1
1,1,357,16.938084709195657,0.0,,1,0.0,0,0.0,0,0,0,1,1.0,0.0,19
2,1,357,6.038078026380527,0.0,,1,0.0,0,0.0,0,0,0,1,1.0,0.0,29
0,1,358,2.5902944347462618,0.0,,1,0.0,0,0.0,0,0,0,1,1.0,0.0,12
1,1,358,17.05149145761489,0.0,,1,0.0,0,0.0,0,0,0,1,1.0,0.0,37
2,1,358,6.052902104840063,0.0,,1,0.0,0,0.0,0,0,0,1,1.0,0.0,27
0,1,359,3.6480207102617,0.0,,1,0.0,0,0.0,0,0,0,1,1.0,0.0,47
1,1,359,17.035940706013037,0.0,,1,0.0,0,0.0,0,0,0,1,1.0,0.0,22
2,1,359,5.028136128595402,0.0,,1,0.0,0,0.0,0,0,0,1,1.0,0.0,3
0,1,360,3.7448699377108023,0.0,,1,0.0,0,0.0,0,0,0,1,1.0,0.0,35
1,1,360,16.208903688932313,0.0,,1,0.0,0,0.0,0,0,0,1,1.0,0.0,4
2,1,360,5.175228459301278,0.0,,1,0.0,0,0.0,0,0,0,1,1.0,0.0,38
0,1,361,3.5963210288341068,0.0,,1,0.0,0,0.0,0,0,0,1,1.0,0.0,11
1,1,361,16.184721070735655,0.0,,1,0.0,0,0.0,0,0,0,1,1.0,0.0,20
2,1,361,5.040299942857373,0.0,,1,0.0,0,0.0,0,0,0,1,1.0,0.0,12
0,1,362,3.669048313380839,0.0,,1,0.0,0,0.0,0,0,0,1,1.0,0.0,33
1,1,362,16.275662736768464,0.0,,1,0.0,0,0.0,0,0,0,1,1.0,0.0,36
2,1,362,4.934116075372814,0.0,,1,0.0,0,0.0,0,0,0,1,1.0,0.0,13
0,1,363,3.5838043284468424,0.0,,1,0.0,0,0.0,0,0,0,1,1.0,0.0,13
1,1,363,16.256270549388233,0.0,,1,0.0,0,0.0,0,0,0,1,1.0,0.0,21
2,1,363,4.928906499115825,0.0,,1,0.0,0,0.0,0,0,0,1,1.0,0.0,23
0,1,364,2.9730968166808354,0.0,,1,0.0,0,0.0,0,0,0,1,1.0,0.0,5
1,1,364,16.280453346153163,0.0,,1,0.0,0,0.0,0,0,0,1,1.0,0.0,30
2,1,364,5.026431888959089,0.0,,1,0.0,0,0.0,0,0,0,1,1.0,0.0,36
